WY,One_day,Three_Day,Five_Day,days_missing,flood_season_missing,Source,reg_peak_usgs,reg_peak_usgs_date,reg_peak_1hr,unreg_peak_1hr,unreg_cov_at_reg_peak,peak_offset_hrs,unreg_peak_screened_out,reg_peak,reg_peak_source,used,exclude_reason
1974,112486.05140177408,92391.93860388862,74846.36466705322,2,2,MassBalance_Daily,68600.0,1974-01-16,,,,,False,68600.0,usgs_peak_record,True,
1975,71250.31089324951,54410.600300259066,50666.42936228435,0,0,MassBalance_Daily,58900.0,1975-01-14,,,,,False,58900.0,usgs_peak_record,True,
1976,110190.07586669922,106675.92267727322,91422.3739082845,0,0,MassBalance_Daily,86700.0,1975-12-04,,,,,False,86700.0,usgs_peak_record,True,
1977,16299.104712677004,14752.35835410224,14436.060783437091,0,0,MassBalance_Daily,15000.0,1977-03-10,,,,,False,15000.0,usgs_peak_record,True,
1978,110964.8723818461,94792.64671207004,74568.95240987142,0,0,MassBalance_Daily,86400.0,1977-12-02,,,,,False,86400.0,usgs_peak_record,True,
1979,40506.00640258789,27999.698932054307,25107.43090672811,0,0,MassBalance_Daily,39400.0,1979-02-07,,,,,False,39400.0,usgs_peak_record,True,
1980,42736.788049316405,37115.675081719295,32514.471386871337,0,0,MassBalance_Daily,97000.0,1980-05-18,,,,,False,97000.0,usgs_peak_record,False,manual EXCLUDE_WYS
1981,86531.92737960815,71889.1275756836,57904.74888966877,0,0,MassBalance_Daily,46900.0,1980-12-26,,,,,False,46900.0,usgs_peak_record,True,
1982,77900.31213811238,62871.0453183492,60341.78496602377,0,0,MassBalance_Daily,65500.0,1982-01-24,,,,,False,65500.0,usgs_peak_record,True,
1983,72298.0557240804,55965.91877517701,52485.183418986,0,0,MassBalance_Daily,67300.0,1982-12-04,,,,,False,67300.0,usgs_peak_record,True,
1984,57351.72120615641,46701.98901892768,38367.163598531086,39,0,MassBalance_Daily,49600.0,1983-11-18,,,,,False,49600.0,usgs_peak_record,True,
1985,33097.95267333984,28765.268502977156,23969.168257904053,1,1,MassBalance_Daily,23600.0,1984-11-28,,,,,False,23600.0,usgs_peak_record,True,
1986,83652.2464841207,62162.58865390354,52287.42518961589,152,0,MassBalance_Daily,62700.0,1986-02-24,,,,,False,62700.0,usgs_peak_record,True,
1987,90981.92137476604,61616.61895082262,50209.64697591146,184,32,MassBalance_Daily,77600.0,1986-11-24,,,,,False,77600.0,usgs_peak_record,True,
1988,59525.04010442098,39028.53567165799,30728.32068064372,184,32,MassBalance_Daily,42100.0,1987-12-10,,,,,False,42100.0,usgs_peak_record,True,
1989,23674.060446421303,21120.33092897203,19496.458497111,184,32,MassBalance_Daily,23600.0,1988-11-24,,,,,False,23600.0,usgs_peak_record,True,
1990,95399.99134318031,76113.33786705864,59390.56820495606,184,32,MassBalance_Daily,89200.0,1990-01-09,,,,,False,89200.0,usgs_peak_record,True,
1991,104019.84494450886,75568.97829149033,58070.37642857869,186,34,MassBalance_Daily,76000.0,1990-11-25,,,,,False,76000.0,usgs_peak_record,True,
1992,40652.29543584188,38240.04010145399,35850.01854044596,184,32,MassBalance_Daily,27000.0,1992-01-29,27000.0,51844.53125,1.0,6.0,False,27000.0,usgs_peak_record,True,
1993,31533.34138997396,26576.34785003662,21802.214671732585,184,32,MassBalance_Daily,14700.0,1993-03-23,14100.0,,0.0,,False,14700.0,usgs_peak_record,True,
1994,26300.07696355184,24709.691447533503,22555.76748901368,184,32,MassBalance_Daily,17300.0,1994-01-14,17300.0,,0.0,,False,17300.0,usgs_peak_record,True,
1995,59736.05096410116,48317.35180545383,39124.79967468262,182,32,MassBalance_Daily,47500.0,1995-02-19,47350.0,,0.0,,False,47500.0,usgs_peak_record,True,
1996,170280.00641555787,139807.31819000244,108126.0258027649,184,32,MassBalance_Daily,112000.0,1996-02-08,111250.0,,0.0,,False,112000.0,usgs_peak_record,True,
1997,85945.67662378948,74563.25657797919,69705.9733102417,184,32,MassBalance_Daily,56700.0,1996-12-29,56150.0,86921.140625,1.0,-69.0,False,56700.0,usgs_peak_record,True,
1998,30823.01076965332,23580.65662290785,22965.167522074385,184,32,MassBalance_Daily,30800.0,1998-01-14,30550.0,,0.0,,False,30800.0,usgs_peak_record,True,
1999,68599.99278259277,60807.3340421041,51701.58628300985,184,32,MassBalance_Daily,57600.0,1998-11-26,57350.0,76193.015625,1.0,-3.0,False,57600.0,usgs_peak_record,True,
2000,72890.30106480917,58189.72265133328,43549.19376169841,184,32,MassBalance_Daily,41700.0,1999-11-25,41375.0,,0.0,,False,41700.0,usgs_peak_record,True,
2001,19568.119591522216,15338.691788397897,14331.987987467448,1,1,MassBalance_Daily,11600.0,2000-11-27,11500.0,,0.0,,False,11600.0,usgs_peak_record,True,
2002,64511.95627873739,49168.11875627306,40566.772721761066,0,0,MassBalance_Daily,51400.0,2001-12-17,50875.0,,0.0,,False,51400.0,usgs_peak_record,True,
2003,87543.9532043457,72895.89621209039,53892.41661499023,0,0,MassBalance_Daily,69000.0,2003-01-31,68350.0,109719.3046875,1.0,-3.0,False,69000.0,usgs_peak_record,True,
2004,51472.13197835286,43452.018759409584,34949.39616226196,0,0,MassBalance_Daily,38100.0,2004-01-30,38000.0,56222.7890625,1.0,-5.0,False,38100.0,usgs_peak_record,True,
2005,50132.76138483684,39348.60259797838,31339.156414031982,0,0,MassBalance_Daily,29600.0,2005-01-18,29450.0,,0.0,,False,29600.0,usgs_peak_record,True,
2006,74081.96464411417,62808.0588979933,53944.85242212932,0,0,MassBalance_Daily,56200.0,2006-01-30,55800.0,,0.0,-927.0,True,56200.0,usgs_peak_record,True,
2007,147777.18454564412,100469.89242129854,73835.97208429972,0,0,MassBalance_Daily,77300.0,2006-11-07,76975.0,,0.0,,False,77300.0,usgs_peak_record,True,
2008,69271.80777333578,54504.1020371331,41445.97528238932,0,0,MassBalance_Daily,64300.0,2007-12-03,64100.0,72454.84375,1.0,-4.0,False,64300.0,usgs_peak_record,True,
2009,142171.09877675376,99323.7059487237,72961.00226150513,0,0,MassBalance_Daily,106000.0,2009-01-08,104250.0,151296.453125,1.0,-4.0,False,106000.0,usgs_peak_record,True,
2010,28700.51521911621,24887.605800543894,23203.60086980184,0,0,MassBalance_Daily,20900.0,2009-11-19,20850.0,27801.53515625,1.0,-1143.0,False,20900.0,usgs_peak_record,True,
2011,86106.08757222493,71689.29040527344,58118.335368092856,0,0,MassBalance_Daily,45300.0,2011-01-16,45150.0,87159.5234375,1.0,-10.0,False,45300.0,usgs_peak_record,True,
2012,50128.3310391744,40864.75932227242,34419.01232889811,0,0,MassBalance_Daily,36900.0,2011-11-23,36575.0,57286.1328125,1.0,-2192.0,False,36900.0,usgs_peak_record,True,
2013,47949.79971949259,36797.33916863336,30359.37754964193,0,0,MassBalance_Daily,47000.0,2012-11-19,46825.0,,0.0,-2906.0,True,47000.0,usgs_peak_record,True,
2014,56776.65846710205,45134.193496280255,46396.177515055344,0,0,MassBalance_Daily,32300.0,2014-03-06,32175.0,60267.5703125,1.0,6.0,False,32300.0,usgs_peak_record,True,
2015,37999.94579696655,32555.348385874437,31664.36574590047,0,0,MassBalance_Daily,38500.0,2015-01-05,38025.0,47322.90625,1.0,-7.0,False,38500.0,usgs_peak_record,True,
2016,135012.63747736614,92956.52093904284,72910.34983479817,0,0,MassBalance_Daily,83700.0,2015-12-09,83175.0,135790.03125,1.0,-3.0,False,83700.0,usgs_peak_record,True,
2017,59697.02801183065,51009.62132161458,47185.82014043172,0,0,MassBalance_Daily,40000.0,2017-02-09,39850.0,64342.25390625,1.0,-819.0,False,40000.0,usgs_peak_record,True,
2018,50967.63668111165,47284.91301023695,39299.537009887696,0,0,MassBalance_Daily,35100.0,2017-12-30,35050.0,54187.7734375,1.0,857.0,False,35100.0,usgs_peak_record,True,
2019,25673.17518870036,24388.551606411405,22197.00407211304,0,0,MassBalance_Daily,26000.0,2019-02-12,26000.0,24269.24609375,1.0,0.0,False,26000.0,usgs_peak_record,True,
2020,72928.1705482483,60464.87055104573,51296.99252721151,0,0,MassBalance_Daily,47400.0,2020-02-07,47250.0,77812.453125,1.0,-8.0,False,47400.0,usgs_peak_record,True,
2021,60801.839757029215,42828.89556376139,35700.36653208415,0,0,MassBalance_Daily,45600.0,2021-01-03,45425.0,61702.94140625,1.0,-249.0,False,45600.0,usgs_peak_record,True,
2022,74998.41981709798,60850.576164245605,50050.34371195475,0,0,MassBalance_Daily,63900.0,2022-01-07,63525.0,77833.09375,1.0,1324.0,False,63900.0,usgs_peak_record,True,
2023,97190.05355148316,47709.94909625583,35340.59651412964,1,1,MassBalance_Daily,34400.0,2022-12-27,34350.0,65622.8359375,1.0,0.0,False,34400.0,usgs_peak_record,True,
2024,79558.07347691854,59644.00289035373,48588.59233612061,0,0,MassBalance_Daily,44800.0,2023-12-06,44725.0,81192.0859375,1.0,-3.0,False,44800.0,usgs_peak_record,True,
2025,39303.54790064494,35252.63325390286,30112.168358052568,0,0,MassBalance_Daily,,,29900.0,45954.34765625,1.0,0.0,False,,,False,no regulated peak
2026,100971.9598566691,94669.17199757892,77439.01840352376,126,5,MassBalance_Daily,,,61000.0,101832.6171875,1.0,-2.0,False,,,False,no regulated peak
