slot_index,datetime,value,note
0,2008-09-01 00:00:00,-901.0,START
1,2008-09-01 01:00:00,-901.0,START
2,2008-09-01 02:00:00,-901.0,START
3,2008-09-01 03:00:00,-901.0,START
4,2008-09-01 04:00:00,-901.0,START
5,2008-09-01 05:00:00,-901.0,START
6,2008-09-01 06:00:00,-901.0,START
7,2008-09-01 07:00:00,-901.0,START
8,2008-09-01 08:00:00,-901.0,START
9,2008-09-01 09:00:00,-901.0,START
10,2008-09-01 10:00:00,-901.0,START
11,2008-09-01 11:00:00,-901.0,START
12,2008-09-01 12:00:00,-901.0,START
13,2008-09-01 13:00:00,-901.0,START
14,2008-09-01 14:00:00,-901.0,START
15,2008-09-01 15:00:00,-901.0,START
16,2008-09-01 16:00:00,-901.0,START
17,2008-09-01 17:00:00,-901.0,START
18,2008-09-01 18:00:00,-901.0,START
19,2008-09-01 19:00:00,-901.0,START
20,2008-09-01 20:00:00,-901.0,START
21,2008-09-01 21:00:00,-901.0,START
22,2008-09-01 22:00:00,-901.0,START
23,2008-09-01 23:00:00,-901.0,START
24,2008-09-02 00:00:00,-901.0,START
25,2008-09-02 01:00:00,-901.0,START
26,2008-09-02 02:00:00,-901.0,START
27,2008-09-02 03:00:00,-901.0,START
28,2008-09-02 04:00:00,-901.0,START
29,2008-09-02 05:00:00,-901.0,START
154794,2026-04-29 18:00:00,-901.0,END
154795,2026-04-29 19:00:00,-901.0,END
154796,2026-04-29 20:00:00,-901.0,END
154797,2026-04-29 21:00:00,-901.0,END
154798,2026-04-29 22:00:00,-901.0,END
154799,2026-04-29 23:00:00,-901.0,END
154800,2026-04-30 00:00:00,-901.0,END
154801,2026-04-30 01:00:00,-901.0,END
154802,2026-04-30 02:00:00,-901.0,END
154803,2026-04-30 03:00:00,-901.0,END
154804,2026-04-30 04:00:00,-901.0,END
154805,2026-04-30 05:00:00,-901.0,END
154806,2026-04-30 06:00:00,-901.0,END
154807,2026-04-30 07:00:00,-901.0,END
154808,2026-04-30 08:00:00,-901.0,END
154809,2026-04-30 09:00:00,-901.0,END
154810,2026-04-30 10:00:00,-901.0,END
154811,2026-04-30 11:00:00,-901.0,END
154812,2026-04-30 12:00:00,-901.0,END
154813,2026-04-30 13:00:00,-901.0,END
154814,2026-04-30 14:00:00,-901.0,END
154815,2026-04-30 15:00:00,-901.0,END
154816,2026-04-30 16:00:00,-901.0,END
154817,2026-04-30 17:00:00,-901.0,END
154818,2026-04-30 18:00:00,-901.0,END
154819,2026-04-30 19:00:00,-901.0,END
154820,2026-04-30 20:00:00,-901.0,END
154821,2026-04-30 21:00:00,-901.0,END
154822,2026-04-30 22:00:00,-901.0,END
154823,2026-04-30 23:00:00,-901.0,END
1374,2008-10-28 06:00:00,-901.0,PERIOD_1_EXACT
1375,2008-10-28 07:00:00,-901.0,PERIOD_1_EXACT
1376,2008-10-28 08:00:00,-901.0,PERIOD_1_EXACT
1377,2008-10-28 09:00:00,-901.0,PERIOD_1_EXACT
1378,2008-10-28 10:00:00,-901.0,PERIOD_1_EXACT
1379,2008-10-28 11:00:00,-901.0,PERIOD_1_EXACT
1380,2008-10-28 12:00:00,-901.0,PERIOD_1_EXACT
1381,2008-10-28 13:00:00,-901.0,PERIOD_1_EXACT
1382,2008-10-28 14:00:00,-901.0,PERIOD_1_EXACT
1383,2008-10-28 15:00:00,-901.0,PERIOD_1_EXACT
1384,2008-10-28 16:00:00,8798.2666015625,PERIOD_1_EXACT <-- PERIOD START
1385,2008-10-28 17:00:00,8772.3759765625,PERIOD_1_EXACT
1386,2008-10-28 18:00:00,8746.4853515625,PERIOD_1_EXACT
1387,2008-10-28 19:00:00,8720.5947265625,PERIOD_1_EXACT
1388,2008-10-28 20:00:00,8694.703125,PERIOD_1_EXACT
1389,2008-10-28 21:00:00,8668.8125,PERIOD_1_EXACT
1390,2008-10-28 22:00:00,8642.921875,PERIOD_1_EXACT
1391,2008-10-28 23:00:00,8617.03125,PERIOD_1_EXACT
1392,2008-10-29 00:00:00,8591.1396484375,PERIOD_1_EXACT
1393,2008-10-29 01:00:00,8565.25,PERIOD_1_EXACT
1394,2008-10-29 02:00:00,8539.359375,PERIOD_1_EXACT
1395,2008-10-29 03:00:00,8513.4677734375,PERIOD_1_EXACT
1396,2008-10-29 04:00:00,8487.5771484375,PERIOD_1_EXACT
1397,2008-10-29 05:00:00,8461.6865234375,PERIOD_1_EXACT
1398,2008-10-29 06:00:00,8435.7958984375,PERIOD_1_EXACT
1399,2008-10-29 07:00:00,8409.904296875,PERIOD_1_EXACT
1400,2008-10-29 08:00:00,8384.013671875,PERIOD_1_EXACT
1401,2008-10-29 09:00:00,8358.123046875,PERIOD_1_EXACT
1402,2008-10-29 10:00:00,8100.46337890625,PERIOD_1_EXACT
1403,2008-10-29 11:00:00,8079.62353515625,PERIOD_1_EXACT
2724,2008-12-23 12:00:00,-901.0,PERIOD_2_EXACT
2725,2008-12-23 13:00:00,-901.0,PERIOD_2_EXACT
2726,2008-12-23 14:00:00,-901.0,PERIOD_2_EXACT
2727,2008-12-23 15:00:00,-901.0,PERIOD_2_EXACT
2728,2008-12-23 16:00:00,-901.0,PERIOD_2_EXACT
2729,2008-12-23 17:00:00,-901.0,PERIOD_2_EXACT
2730,2008-12-23 18:00:00,-901.0,PERIOD_2_EXACT
2731,2008-12-23 19:00:00,-901.0,PERIOD_2_EXACT
2732,2008-12-23 20:00:00,-901.0,PERIOD_2_EXACT
2733,2008-12-23 21:00:00,-901.0,PERIOD_2_EXACT
2734,2008-12-23 22:00:00,8080.982421875,PERIOD_2_EXACT <-- PERIOD START
2735,2008-12-23 23:00:00,8058.51513671875,PERIOD_2_EXACT
2736,2008-12-24 00:00:00,8036.04833984375,PERIOD_2_EXACT
2737,2008-12-24 01:00:00,8013.58203125,PERIOD_2_EXACT
2738,2008-12-24 02:00:00,7991.115234375,PERIOD_2_EXACT
2739,2008-12-24 03:00:00,7968.64794921875,PERIOD_2_EXACT
2740,2008-12-24 04:00:00,7946.181640625,PERIOD_2_EXACT
2741,2008-12-24 05:00:00,7923.71484375,PERIOD_2_EXACT
2742,2008-12-24 06:00:00,7901.24755859375,PERIOD_2_EXACT
2743,2008-12-24 07:00:00,7878.78125,PERIOD_2_EXACT
2744,2008-12-24 08:00:00,7856.314453125,PERIOD_2_EXACT
2745,2008-12-24 09:00:00,7833.84814453125,PERIOD_2_EXACT
2746,2008-12-24 10:00:00,7811.380859375,PERIOD_2_EXACT
2747,2008-12-24 11:00:00,7788.9140625,PERIOD_2_EXACT
2748,2008-12-24 12:00:00,7766.44775390625,PERIOD_2_EXACT
2749,2008-12-24 13:00:00,7743.98046875,PERIOD_2_EXACT
2750,2008-12-24 14:00:00,7674.98193359375,PERIOD_2_EXACT
2751,2008-12-24 15:00:00,7674.98193359375,PERIOD_2_EXACT
2752,2008-12-24 16:00:00,7674.98193359375,PERIOD_2_EXACT
2753,2008-12-24 17:00:00,7674.98193359375,PERIOD_2_EXACT
10377,2009-11-07 09:00:00,-901.0,PERIOD_3_EXACT
10378,2009-11-07 10:00:00,-901.0,PERIOD_3_EXACT
10379,2009-11-07 11:00:00,-901.0,PERIOD_3_EXACT
10380,2009-11-07 12:00:00,-901.0,PERIOD_3_EXACT
10381,2009-11-07 13:00:00,-901.0,PERIOD_3_EXACT
10382,2009-11-07 14:00:00,-901.0,PERIOD_3_EXACT
10383,2009-11-07 15:00:00,-901.0,PERIOD_3_EXACT
10384,2009-11-07 16:00:00,-901.0,PERIOD_3_EXACT
10385,2009-11-07 17:00:00,-901.0,PERIOD_3_EXACT
10386,2009-11-07 18:00:00,-901.0,PERIOD_3_EXACT
10387,2009-11-07 19:00:00,11746.36328125,PERIOD_3_EXACT <-- PERIOD START
10388,2009-11-07 20:00:00,11717.8310546875,PERIOD_3_EXACT
10389,2009-11-07 21:00:00,11689.2978515625,PERIOD_3_EXACT
10390,2009-11-07 22:00:00,11660.765625,PERIOD_3_EXACT
10391,2009-11-07 23:00:00,11632.2333984375,PERIOD_3_EXACT
10392,2009-11-08 00:00:00,11603.7001953125,PERIOD_3_EXACT
10393,2009-11-08 01:00:00,11575.16796875,PERIOD_3_EXACT
10394,2009-11-08 02:00:00,11546.6357421875,PERIOD_3_EXACT
10395,2009-11-08 03:00:00,11518.103515625,PERIOD_3_EXACT
10396,2009-11-08 04:00:00,11489.5712890625,PERIOD_3_EXACT
10397,2009-11-08 05:00:00,11461.0380859375,PERIOD_3_EXACT
10398,2009-11-08 06:00:00,11432.505859375,PERIOD_3_EXACT
10399,2009-11-08 07:00:00,11403.9736328125,PERIOD_3_EXACT
10400,2009-11-08 08:00:00,11227.6142578125,PERIOD_3_EXACT
10401,2009-11-08 09:00:00,11191.0654296875,PERIOD_3_EXACT
10402,2009-11-08 10:00:00,11154.5166015625,PERIOD_3_EXACT
10403,2009-11-08 11:00:00,11117.96875,PERIOD_3_EXACT
10404,2009-11-08 12:00:00,11081.419921875,PERIOD_3_EXACT
10405,2009-11-08 13:00:00,11044.87109375,PERIOD_3_EXACT
10406,2009-11-08 14:00:00,11008.3232421875,PERIOD_3_EXACT
11426,2009-12-21 02:00:00,-901.0,PERIOD_4_EXACT
11427,2009-12-21 03:00:00,-901.0,PERIOD_4_EXACT
11428,2009-12-21 04:00:00,-901.0,PERIOD_4_EXACT
11429,2009-12-21 05:00:00,-901.0,PERIOD_4_EXACT
11430,2009-12-21 06:00:00,-901.0,PERIOD_4_EXACT
11431,2009-12-21 07:00:00,-901.0,PERIOD_4_EXACT
11432,2009-12-21 08:00:00,-901.0,PERIOD_4_EXACT
11433,2009-12-21 09:00:00,-901.0,PERIOD_4_EXACT
11434,2009-12-21 10:00:00,-901.0,PERIOD_4_EXACT
11435,2009-12-21 11:00:00,-901.0,PERIOD_4_EXACT
11436,2009-12-21 12:00:00,21554.28125,PERIOD_4_EXACT <-- PERIOD START
11437,2009-12-21 13:00:00,21386.056640625,PERIOD_4_EXACT
11438,2009-12-21 14:00:00,21217.83203125,PERIOD_4_EXACT
11439,2009-12-21 15:00:00,21049.607421875,PERIOD_4_EXACT
11440,2009-12-21 16:00:00,20881.3828125,PERIOD_4_EXACT
11441,2009-12-21 17:00:00,20713.158203125,PERIOD_4_EXACT
11442,2009-12-21 18:00:00,20544.93359375,PERIOD_4_EXACT
11443,2009-12-21 19:00:00,20376.708984375,PERIOD_4_EXACT
11444,2009-12-21 20:00:00,20208.484375,PERIOD_4_EXACT
11445,2009-12-21 21:00:00,20040.26171875,PERIOD_4_EXACT
11446,2009-12-21 22:00:00,19872.037109375,PERIOD_4_EXACT
11447,2009-12-21 23:00:00,19703.8125,PERIOD_4_EXACT
11448,2009-12-22 00:00:00,19535.587890625,PERIOD_4_EXACT
11449,2009-12-22 01:00:00,19367.36328125,PERIOD_4_EXACT
11450,2009-12-22 02:00:00,19199.138671875,PERIOD_4_EXACT
11451,2009-12-22 03:00:00,19030.9140625,PERIOD_4_EXACT
11452,2009-12-22 04:00:00,18862.689453125,PERIOD_4_EXACT
11453,2009-12-22 05:00:00,18694.46484375,PERIOD_4_EXACT
11454,2009-12-22 06:00:00,18526.240234375,PERIOD_4_EXACT
11455,2009-12-22 07:00:00,18358.015625,PERIOD_4_EXACT
14983,2010-05-18 07:00:00,-901.0,PERIOD_5_EXACT
14984,2010-05-18 08:00:00,-901.0,PERIOD_5_EXACT
14985,2010-05-18 09:00:00,-901.0,PERIOD_5_EXACT
14986,2010-05-18 10:00:00,-901.0,PERIOD_5_EXACT
14987,2010-05-18 11:00:00,-901.0,PERIOD_5_EXACT
14988,2010-05-18 12:00:00,-901.0,PERIOD_5_EXACT
14989,2010-05-18 13:00:00,-901.0,PERIOD_5_EXACT
14990,2010-05-18 14:00:00,-901.0,PERIOD_5_EXACT
14991,2010-05-18 15:00:00,-901.0,PERIOD_5_EXACT
14992,2010-05-18 16:00:00,-901.0,PERIOD_5_EXACT
14993,2010-05-18 17:00:00,18709.201171875,PERIOD_5_EXACT <-- PERIOD START
14994,2010-05-18 18:00:00,18671.724609375,PERIOD_5_EXACT
14995,2010-05-18 19:00:00,18634.248046875,PERIOD_5_EXACT
14996,2010-05-18 20:00:00,18596.771484375,PERIOD_5_EXACT
14997,2010-05-18 21:00:00,18559.296875,PERIOD_5_EXACT
14998,2010-05-18 22:00:00,18521.8203125,PERIOD_5_EXACT
14999,2010-05-18 23:00:00,18484.34375,PERIOD_5_EXACT
15000,2010-05-19 00:00:00,18446.8671875,PERIOD_5_EXACT
15001,2010-05-19 01:00:00,18409.390625,PERIOD_5_EXACT
15002,2010-05-19 02:00:00,18371.9140625,PERIOD_5_EXACT
15003,2010-05-19 03:00:00,18334.439453125,PERIOD_5_EXACT
15004,2010-05-19 04:00:00,18296.962890625,PERIOD_5_EXACT
15005,2010-05-19 05:00:00,18259.486328125,PERIOD_5_EXACT
15006,2010-05-19 06:00:00,18222.01171875,PERIOD_5_EXACT
15007,2010-05-19 07:00:00,18184.53515625,PERIOD_5_EXACT
15008,2010-05-19 08:00:00,18147.05859375,PERIOD_5_EXACT
15009,2010-05-19 09:00:00,18109.58203125,PERIOD_5_EXACT
15010,2010-05-19 10:00:00,18072.10546875,PERIOD_5_EXACT
15011,2010-05-19 11:00:00,18034.62890625,PERIOD_5_EXACT
15012,2010-05-19 12:00:00,17997.154296875,PERIOD_5_EXACT
20449,2011-01-01 01:00:00,-901.0,PERIOD_6_EXACT
20450,2011-01-01 02:00:00,-901.0,PERIOD_6_EXACT
20451,2011-01-01 03:00:00,-901.0,PERIOD_6_EXACT
20452,2011-01-01 04:00:00,-901.0,PERIOD_6_EXACT
20453,2011-01-01 05:00:00,-901.0,PERIOD_6_EXACT
20454,2011-01-01 06:00:00,-901.0,PERIOD_6_EXACT
20455,2011-01-01 07:00:00,-901.0,PERIOD_6_EXACT
20456,2011-01-01 08:00:00,-901.0,PERIOD_6_EXACT
20457,2011-01-01 09:00:00,-901.0,PERIOD_6_EXACT
20458,2011-01-01 10:00:00,-901.0,PERIOD_6_EXACT
20459,2011-01-01 11:00:00,9527.41796875,PERIOD_6_EXACT <-- PERIOD START
20460,2011-01-01 12:00:00,9505.44140625,PERIOD_6_EXACT
20461,2011-01-01 13:00:00,9483.46484375,PERIOD_6_EXACT
20462,2011-01-01 14:00:00,9461.4873046875,PERIOD_6_EXACT
20463,2011-01-01 15:00:00,9439.51171875,PERIOD_6_EXACT
20464,2011-01-01 16:00:00,9417.5341796875,PERIOD_6_EXACT
20465,2011-01-01 17:00:00,9395.5576171875,PERIOD_6_EXACT
20466,2011-01-01 18:00:00,9373.5810546875,PERIOD_6_EXACT
20467,2011-01-01 19:00:00,9351.6044921875,PERIOD_6_EXACT
20468,2011-01-01 20:00:00,9329.6279296875,PERIOD_6_EXACT
20469,2011-01-01 21:00:00,9307.650390625,PERIOD_6_EXACT
20470,2011-01-01 22:00:00,9285.673828125,PERIOD_6_EXACT
20471,2011-01-01 23:00:00,9263.697265625,PERIOD_6_EXACT
20472,2011-01-02 00:00:00,9241.720703125,PERIOD_6_EXACT
20473,2011-01-02 01:00:00,9219.744140625,PERIOD_6_EXACT
20474,2011-01-02 02:00:00,9197.767578125,PERIOD_6_EXACT
20475,2011-01-02 03:00:00,9175.791015625,PERIOD_6_EXACT
20476,2011-01-02 04:00:00,9153.8134765625,PERIOD_6_EXACT
20477,2011-01-02 05:00:00,9131.8369140625,PERIOD_6_EXACT
20478,2011-01-02 06:00:00,9109.8603515625,PERIOD_6_EXACT
27916,2011-11-08 04:00:00,-901.0,PERIOD_7_EXACT
27917,2011-11-08 05:00:00,-901.0,PERIOD_7_EXACT
27918,2011-11-08 06:00:00,-901.0,PERIOD_7_EXACT
27919,2011-11-08 07:00:00,-901.0,PERIOD_7_EXACT
27920,2011-11-08 08:00:00,-901.0,PERIOD_7_EXACT
27921,2011-11-08 09:00:00,-901.0,PERIOD_7_EXACT
27922,2011-11-08 10:00:00,-901.0,PERIOD_7_EXACT
27923,2011-11-08 11:00:00,-901.0,PERIOD_7_EXACT
27924,2011-11-08 12:00:00,-901.0,PERIOD_7_EXACT
27925,2011-11-08 13:00:00,-901.0,PERIOD_7_EXACT
27926,2011-11-08 14:00:00,13082.720703125,PERIOD_7_EXACT <-- PERIOD START
27927,2011-11-08 15:00:00,13050.228515625,PERIOD_7_EXACT
27928,2011-11-08 16:00:00,13017.736328125,PERIOD_7_EXACT
27929,2011-11-08 17:00:00,12985.244140625,PERIOD_7_EXACT
27930,2011-11-08 18:00:00,12952.7529296875,PERIOD_7_EXACT
27931,2011-11-08 19:00:00,12920.2607421875,PERIOD_7_EXACT
27932,2011-11-08 20:00:00,12887.7685546875,PERIOD_7_EXACT
27933,2011-11-08 21:00:00,12855.2763671875,PERIOD_7_EXACT
27934,2011-11-08 22:00:00,12822.78515625,PERIOD_7_EXACT
27935,2011-11-08 23:00:00,12790.29296875,PERIOD_7_EXACT
27936,2011-11-09 00:00:00,12757.80078125,PERIOD_7_EXACT
27937,2011-11-09 01:00:00,12725.30859375,PERIOD_7_EXACT
27938,2011-11-09 02:00:00,12692.8173828125,PERIOD_7_EXACT
27939,2011-11-09 03:00:00,12660.3251953125,PERIOD_7_EXACT
27940,2011-11-09 04:00:00,12627.8330078125,PERIOD_7_EXACT
27941,2011-11-09 05:00:00,12595.3408203125,PERIOD_7_EXACT
27942,2011-11-09 06:00:00,12562.849609375,PERIOD_7_EXACT
27943,2011-11-09 07:00:00,12530.357421875,PERIOD_7_EXACT
27944,2011-11-09 08:00:00,12497.865234375,PERIOD_7_EXACT
27945,2011-11-09 09:00:00,12465.373046875,PERIOD_7_EXACT
30089,2012-02-06 17:00:00,-901.0,PERIOD_8_EXACT
30090,2012-02-06 18:00:00,-901.0,PERIOD_8_EXACT
30091,2012-02-06 19:00:00,-901.0,PERIOD_8_EXACT
30092,2012-02-06 20:00:00,-901.0,PERIOD_8_EXACT
30093,2012-02-06 21:00:00,-901.0,PERIOD_8_EXACT
30094,2012-02-06 22:00:00,-901.0,PERIOD_8_EXACT
30095,2012-02-06 23:00:00,-901.0,PERIOD_8_EXACT
30096,2012-02-07 00:00:00,-901.0,PERIOD_8_EXACT
30097,2012-02-07 01:00:00,-901.0,PERIOD_8_EXACT
30098,2012-02-07 02:00:00,-901.0,PERIOD_8_EXACT
30099,2012-02-07 03:00:00,6753.78759765625,PERIOD_8_EXACT <-- PERIOD START
30100,2012-02-07 04:00:00,6748.0390625,PERIOD_8_EXACT
30101,2012-02-07 05:00:00,6742.29052734375,PERIOD_8_EXACT
30102,2012-02-07 06:00:00,6736.54248046875,PERIOD_8_EXACT
30103,2012-02-07 07:00:00,6730.79345703125,PERIOD_8_EXACT
30104,2012-02-07 08:00:00,6725.044921875,PERIOD_8_EXACT
30105,2012-02-07 09:00:00,6719.296875,PERIOD_8_EXACT
30106,2012-02-07 10:00:00,6713.54833984375,PERIOD_8_EXACT
30107,2012-02-07 11:00:00,6707.79931640625,PERIOD_8_EXACT
30108,2012-02-07 12:00:00,6702.05126953125,PERIOD_8_EXACT
30109,2012-02-07 13:00:00,6696.302734375,PERIOD_8_EXACT
30110,2012-02-07 14:00:00,6690.55419921875,PERIOD_8_EXACT
30111,2012-02-07 15:00:00,6684.8056640625,PERIOD_8_EXACT
30112,2012-02-07 16:00:00,6679.05712890625,PERIOD_8_EXACT
30113,2012-02-07 17:00:00,6673.30859375,PERIOD_8_EXACT
30114,2012-02-07 18:00:00,6667.56005859375,PERIOD_8_EXACT
30115,2012-02-07 19:00:00,6661.81201171875,PERIOD_8_EXACT
30116,2012-02-07 20:00:00,6656.0634765625,PERIOD_8_EXACT
30117,2012-02-07 21:00:00,6650.314453125,PERIOD_8_EXACT
30118,2012-02-07 22:00:00,6644.56640625,PERIOD_8_EXACT
44168,2013-09-15 08:00:00,-901.0,PERIOD_9_EXACT
44169,2013-09-15 09:00:00,-901.0,PERIOD_9_EXACT
44170,2013-09-15 10:00:00,-901.0,PERIOD_9_EXACT
44171,2013-09-15 11:00:00,-901.0,PERIOD_9_EXACT
44172,2013-09-15 12:00:00,-901.0,PERIOD_9_EXACT
44173,2013-09-15 13:00:00,-901.0,PERIOD_9_EXACT
44174,2013-09-15 14:00:00,-901.0,PERIOD_9_EXACT
44175,2013-09-15 15:00:00,-901.0,PERIOD_9_EXACT
44176,2013-09-15 16:00:00,-901.0,PERIOD_9_EXACT
44177,2013-09-15 17:00:00,-901.0,PERIOD_9_EXACT
44178,2013-09-15 18:00:00,1766.8909912109375,PERIOD_9_EXACT <-- PERIOD START
44179,2013-09-15 19:00:00,1797.725830078125,PERIOD_9_EXACT
44180,2013-09-15 20:00:00,1828.5604248046875,PERIOD_9_EXACT
44181,2013-09-15 21:00:00,1859.3951416015625,PERIOD_9_EXACT
44182,2013-09-15 22:00:00,1890.2298583984375,PERIOD_9_EXACT
44183,2013-09-15 23:00:00,1921.064697265625,PERIOD_9_EXACT
44184,2013-09-16 00:00:00,1951.8994140625,PERIOD_9_EXACT
44185,2013-09-16 01:00:00,1982.734130859375,PERIOD_9_EXACT
44186,2013-09-16 02:00:00,2013.5687255859375,PERIOD_9_EXACT
44187,2013-09-16 03:00:00,2044.4034423828125,PERIOD_9_EXACT
44188,2013-09-16 04:00:00,2075.23828125,PERIOD_9_EXACT
44189,2013-09-16 05:00:00,2106.072998046875,PERIOD_9_EXACT
44190,2013-09-16 06:00:00,2136.90771484375,PERIOD_9_EXACT
44191,2013-09-16 07:00:00,2167.742431640625,PERIOD_9_EXACT
44192,2013-09-16 08:00:00,2198.5771484375,PERIOD_9_EXACT
44193,2013-09-16 09:00:00,2229.411865234375,PERIOD_9_EXACT
44194,2013-09-16 10:00:00,2260.24658203125,PERIOD_9_EXACT
44195,2013-09-16 11:00:00,2291.081298828125,PERIOD_9_EXACT
44196,2013-09-16 12:00:00,2321.916259765625,PERIOD_9_EXACT
44197,2013-09-16 13:00:00,2352.750732421875,PERIOD_9_EXACT
47528,2014-02-02 08:00:00,-901.0,PERIOD_10_EXACT
47529,2014-02-02 09:00:00,-901.0,PERIOD_10_EXACT
47530,2014-02-02 10:00:00,-901.0,PERIOD_10_EXACT
47531,2014-02-02 11:00:00,-901.0,PERIOD_10_EXACT
47532,2014-02-02 12:00:00,-901.0,PERIOD_10_EXACT
47533,2014-02-02 13:00:00,-901.0,PERIOD_10_EXACT
47534,2014-02-02 14:00:00,-901.0,PERIOD_10_EXACT
47535,2014-02-02 15:00:00,-901.0,PERIOD_10_EXACT
47536,2014-02-02 16:00:00,-901.0,PERIOD_10_EXACT
47537,2014-02-02 17:00:00,-901.0,PERIOD_10_EXACT
47538,2014-02-02 18:00:00,4148.42724609375,PERIOD_10_EXACT <-- PERIOD START
47539,2014-02-02 19:00:00,4132.0322265625,PERIOD_10_EXACT
47540,2014-02-02 20:00:00,4115.63720703125,PERIOD_10_EXACT
47541,2014-02-02 21:00:00,4099.24169921875,PERIOD_10_EXACT
47542,2014-02-02 22:00:00,4082.846435546875,PERIOD_10_EXACT
47543,2014-02-02 23:00:00,4066.45166015625,PERIOD_10_EXACT
47544,2014-02-03 00:00:00,4050.056396484375,PERIOD_10_EXACT
47545,2014-02-03 01:00:00,4033.6611328125,PERIOD_10_EXACT
47546,2014-02-03 02:00:00,4017.265869140625,PERIOD_10_EXACT
47547,2014-02-03 03:00:00,4000.87109375,PERIOD_10_EXACT
47548,2014-02-03 04:00:00,3984.47607421875,PERIOD_10_EXACT
47549,2014-02-03 05:00:00,3968.080810546875,PERIOD_10_EXACT
47550,2014-02-03 06:00:00,3951.68603515625,PERIOD_10_EXACT
47551,2014-02-03 07:00:00,3935.290771484375,PERIOD_10_EXACT
47552,2014-02-03 08:00:00,3918.8955078125,PERIOD_10_EXACT
47553,2014-02-03 09:00:00,3902.500244140625,PERIOD_10_EXACT
47554,2014-02-03 10:00:00,3886.10546875,PERIOD_10_EXACT
47555,2014-02-03 11:00:00,3869.710205078125,PERIOD_10_EXACT
47556,2014-02-03 12:00:00,3853.31494140625,PERIOD_10_EXACT
47557,2014-02-03 13:00:00,3836.919677734375,PERIOD_10_EXACT
54271,2014-11-10 07:00:00,-901.0,PERIOD_11_EXACT
54272,2014-11-10 08:00:00,-901.0,PERIOD_11_EXACT
54273,2014-11-10 09:00:00,-901.0,PERIOD_11_EXACT
54274,2014-11-10 10:00:00,-901.0,PERIOD_11_EXACT
54275,2014-11-10 11:00:00,-901.0,PERIOD_11_EXACT
54276,2014-11-10 12:00:00,-901.0,PERIOD_11_EXACT
54277,2014-11-10 13:00:00,-901.0,PERIOD_11_EXACT
54278,2014-11-10 14:00:00,-901.0,PERIOD_11_EXACT
54279,2014-11-10 15:00:00,-901.0,PERIOD_11_EXACT
54280,2014-11-10 16:00:00,-901.0,PERIOD_11_EXACT
54281,2014-11-10 17:00:00,5840.94091796875,PERIOD_11_EXACT <-- PERIOD START
54282,2014-11-10 18:00:00,5810.62548828125,PERIOD_11_EXACT
54283,2014-11-10 19:00:00,5780.3095703125,PERIOD_11_EXACT
54284,2014-11-10 20:00:00,5749.994140625,PERIOD_11_EXACT
54285,2014-11-10 21:00:00,5719.6787109375,PERIOD_11_EXACT
54286,2014-11-10 22:00:00,5689.36328125,PERIOD_11_EXACT
54287,2014-11-10 23:00:00,5659.0478515625,PERIOD_11_EXACT
54288,2014-11-11 00:00:00,5628.732421875,PERIOD_11_EXACT
54289,2014-11-11 01:00:00,5598.4169921875,PERIOD_11_EXACT
54290,2014-11-11 02:00:00,5568.1015625,PERIOD_11_EXACT
54291,2014-11-11 03:00:00,5537.7861328125,PERIOD_11_EXACT
54292,2014-11-11 04:00:00,5507.470703125,PERIOD_11_EXACT
54293,2014-11-11 05:00:00,5477.15478515625,PERIOD_11_EXACT
54294,2014-11-11 06:00:00,5436.56005859375,PERIOD_11_EXACT
54295,2014-11-11 07:00:00,5374.361328125,PERIOD_11_EXACT
54296,2014-11-11 08:00:00,5312.162109375,PERIOD_11_EXACT
54297,2014-11-11 09:00:00,5249.96337890625,PERIOD_11_EXACT
54298,2014-11-11 10:00:00,5187.76416015625,PERIOD_11_EXACT
54299,2014-11-11 11:00:00,5125.5654296875,PERIOD_11_EXACT
54300,2014-11-11 12:00:00,5063.3662109375,PERIOD_11_EXACT
55244,2014-12-20 20:00:00,-901.0,PERIOD_12_EXACT
55245,2014-12-20 21:00:00,-901.0,PERIOD_12_EXACT
55246,2014-12-20 22:00:00,-901.0,PERIOD_12_EXACT
55247,2014-12-20 23:00:00,-901.0,PERIOD_12_EXACT
55248,2014-12-21 00:00:00,-901.0,PERIOD_12_EXACT
55249,2014-12-21 01:00:00,-901.0,PERIOD_12_EXACT
55250,2014-12-21 02:00:00,-901.0,PERIOD_12_EXACT
55251,2014-12-21 03:00:00,-901.0,PERIOD_12_EXACT
55252,2014-12-21 04:00:00,-901.0,PERIOD_12_EXACT
55253,2014-12-21 05:00:00,-901.0,PERIOD_12_EXACT
55254,2014-12-21 06:00:00,18251.484375,PERIOD_12_EXACT <-- PERIOD START
55255,2014-12-21 07:00:00,18429.76953125,PERIOD_12_EXACT
55256,2014-12-21 08:00:00,18608.0546875,PERIOD_12_EXACT
55257,2014-12-21 09:00:00,18786.33984375,PERIOD_12_EXACT
55258,2014-12-21 10:00:00,18964.623046875,PERIOD_12_EXACT
55259,2014-12-21 11:00:00,19142.91015625,PERIOD_12_EXACT
55260,2014-12-21 12:00:00,19321.193359375,PERIOD_12_EXACT
55261,2014-12-21 13:00:00,19499.478515625,PERIOD_12_EXACT
55262,2014-12-21 14:00:00,19677.763671875,PERIOD_12_EXACT
55263,2014-12-21 15:00:00,19856.048828125,PERIOD_12_EXACT
55264,2014-12-21 16:00:00,20034.333984375,PERIOD_12_EXACT
55265,2014-12-21 17:00:00,20212.619140625,PERIOD_12_EXACT
55266,2014-12-21 18:00:00,20390.90234375,PERIOD_12_EXACT
55267,2014-12-21 19:00:00,20569.189453125,PERIOD_12_EXACT
55268,2014-12-21 20:00:00,20747.474609375,PERIOD_12_EXACT
55269,2014-12-21 21:00:00,20925.7578125,PERIOD_12_EXACT
55270,2014-12-21 22:00:00,21104.044921875,PERIOD_12_EXACT
55271,2014-12-21 23:00:00,20969.537109375,PERIOD_12_EXACT
55272,2014-12-22 00:00:00,20818.109375,PERIOD_12_EXACT
55273,2014-12-22 01:00:00,20666.6796875,PERIOD_12_EXACT
62835,2015-11-02 03:00:00,-901.0,PERIOD_13_EXACT
62836,2015-11-02 04:00:00,-901.0,PERIOD_13_EXACT
62837,2015-11-02 05:00:00,-901.0,PERIOD_13_EXACT
62838,2015-11-02 06:00:00,-901.0,PERIOD_13_EXACT
62839,2015-11-02 07:00:00,-901.0,PERIOD_13_EXACT
62840,2015-11-02 08:00:00,-901.0,PERIOD_13_EXACT
62841,2015-11-02 09:00:00,-901.0,PERIOD_13_EXACT
62842,2015-11-02 10:00:00,-901.0,PERIOD_13_EXACT
62843,2015-11-02 11:00:00,-901.0,PERIOD_13_EXACT
62844,2015-11-02 12:00:00,-901.0,PERIOD_13_EXACT
62845,2015-11-02 13:00:00,8373.5712890625,PERIOD_13_EXACT <-- PERIOD START
62846,2015-11-02 14:00:00,8381.9697265625,PERIOD_13_EXACT
62847,2015-11-02 15:00:00,8390.3701171875,PERIOD_13_EXACT
62848,2015-11-02 16:00:00,8398.7705078125,PERIOD_13_EXACT
62849,2015-11-02 17:00:00,8407.1689453125,PERIOD_13_EXACT
62850,2015-11-02 18:00:00,8415.5693359375,PERIOD_13_EXACT
62851,2015-11-02 19:00:00,8423.96875,PERIOD_13_EXACT
62852,2015-11-02 20:00:00,8432.369140625,PERIOD_13_EXACT
62853,2015-11-02 21:00:00,8440.7685546875,PERIOD_13_EXACT
62854,2015-11-02 22:00:00,8449.16796875,PERIOD_13_EXACT
62855,2015-11-02 23:00:00,8457.568359375,PERIOD_13_EXACT
62856,2015-11-03 00:00:00,8465.9677734375,PERIOD_13_EXACT
62857,2015-11-03 01:00:00,8474.3671875,PERIOD_13_EXACT
62858,2015-11-03 02:00:00,8482.767578125,PERIOD_13_EXACT
62859,2015-11-03 03:00:00,8491.16796875,PERIOD_13_EXACT
62860,2015-11-03 04:00:00,8499.56640625,PERIOD_13_EXACT
62861,2015-11-03 05:00:00,8507.966796875,PERIOD_13_EXACT
62862,2015-11-03 06:00:00,8516.3662109375,PERIOD_13_EXACT
62863,2015-11-03 07:00:00,8524.7666015625,PERIOD_13_EXACT
62864,2015-11-03 08:00:00,8533.166015625,PERIOD_13_EXACT
73635,2017-01-25 03:00:00,-901.0,PERIOD_14_EXACT
73636,2017-01-25 04:00:00,-901.0,PERIOD_14_EXACT
73637,2017-01-25 05:00:00,-901.0,PERIOD_14_EXACT
73638,2017-01-25 06:00:00,-901.0,PERIOD_14_EXACT
73639,2017-01-25 07:00:00,-901.0,PERIOD_14_EXACT
73640,2017-01-25 08:00:00,-901.0,PERIOD_14_EXACT
73641,2017-01-25 09:00:00,-901.0,PERIOD_14_EXACT
73642,2017-01-25 10:00:00,-901.0,PERIOD_14_EXACT
73643,2017-01-25 11:00:00,-901.0,PERIOD_14_EXACT
73644,2017-01-25 12:00:00,-901.0,PERIOD_14_EXACT
73645,2017-01-25 13:00:00,4840.107421875,PERIOD_14_EXACT <-- PERIOD START
73646,2017-01-25 14:00:00,4916.99560546875,PERIOD_14_EXACT
73647,2017-01-25 15:00:00,4993.8828125,PERIOD_14_EXACT
73648,2017-01-25 16:00:00,5070.77099609375,PERIOD_14_EXACT
73649,2017-01-25 17:00:00,5046.22607421875,PERIOD_14_EXACT
73650,2017-01-25 18:00:00,5005.22314453125,PERIOD_14_EXACT
73651,2017-01-25 19:00:00,4964.22021484375,PERIOD_14_EXACT
73652,2017-01-25 20:00:00,4923.2177734375,PERIOD_14_EXACT
73653,2017-01-25 21:00:00,4882.21484375,PERIOD_14_EXACT
73654,2017-01-25 22:00:00,4841.2119140625,PERIOD_14_EXACT
73655,2017-01-25 23:00:00,4800.208984375,PERIOD_14_EXACT
73656,2017-01-26 00:00:00,4759.2060546875,PERIOD_14_EXACT
73657,2017-01-26 01:00:00,4718.20361328125,PERIOD_14_EXACT
73658,2017-01-26 02:00:00,4677.20068359375,PERIOD_14_EXACT
73659,2017-01-26 03:00:00,4636.1982421875,PERIOD_14_EXACT
73660,2017-01-26 04:00:00,4595.1953125,PERIOD_14_EXACT
73661,2017-01-26 05:00:00,4554.1923828125,PERIOD_14_EXACT
73662,2017-01-26 06:00:00,4513.189453125,PERIOD_14_EXACT
73663,2017-01-26 07:00:00,4472.1865234375,PERIOD_14_EXACT
73664,2017-01-26 08:00:00,4431.18359375,PERIOD_14_EXACT
74444,2017-02-27 20:00:00,-901.0,PERIOD_15_EXACT
74445,2017-02-27 21:00:00,-901.0,PERIOD_15_EXACT
74446,2017-02-27 22:00:00,-901.0,PERIOD_15_EXACT
74447,2017-02-27 23:00:00,-901.0,PERIOD_15_EXACT
74448,2017-02-28 00:00:00,-901.0,PERIOD_15_EXACT
74449,2017-02-28 01:00:00,-901.0,PERIOD_15_EXACT
74450,2017-02-28 02:00:00,-901.0,PERIOD_15_EXACT
74451,2017-02-28 03:00:00,-901.0,PERIOD_15_EXACT
74452,2017-02-28 04:00:00,-901.0,PERIOD_15_EXACT
74453,2017-02-28 05:00:00,-901.0,PERIOD_15_EXACT
74454,2017-02-28 06:00:00,3823.911865234375,PERIOD_15_EXACT <-- PERIOD START
74455,2017-02-28 07:00:00,4163.19287109375,PERIOD_15_EXACT
74456,2017-02-28 08:00:00,4157.98681640625,PERIOD_15_EXACT
74457,2017-02-28 09:00:00,4152.7802734375,PERIOD_15_EXACT
74458,2017-02-28 10:00:00,4147.57470703125,PERIOD_15_EXACT
74459,2017-02-28 11:00:00,4142.36865234375,PERIOD_15_EXACT
74460,2017-02-28 12:00:00,4137.16259765625,PERIOD_15_EXACT
74461,2017-02-28 13:00:00,4131.95654296875,PERIOD_15_EXACT
74462,2017-02-28 14:00:00,4126.75048828125,PERIOD_15_EXACT
74463,2017-02-28 15:00:00,4121.54443359375,PERIOD_15_EXACT
74464,2017-02-28 16:00:00,4116.33837890625,PERIOD_15_EXACT
74465,2017-02-28 17:00:00,4111.13232421875,PERIOD_15_EXACT
74466,2017-02-28 18:00:00,4105.92626953125,PERIOD_15_EXACT
74467,2017-02-28 19:00:00,4100.72021484375,PERIOD_15_EXACT
74468,2017-02-28 20:00:00,4095.514404296875,PERIOD_15_EXACT
74469,2017-02-28 21:00:00,4090.308349609375,PERIOD_15_EXACT
74470,2017-02-28 22:00:00,4085.10205078125,PERIOD_15_EXACT
74471,2017-02-28 23:00:00,4079.896484375,PERIOD_15_EXACT
74472,2017-03-01 00:00:00,4074.690185546875,PERIOD_15_EXACT
74473,2017-03-01 01:00:00,4069.484375,PERIOD_15_EXACT
79746,2017-10-06 18:00:00,-901.0,PERIOD_16_EXACT
79747,2017-10-06 19:00:00,-901.0,PERIOD_16_EXACT
79748,2017-10-06 20:00:00,-901.0,PERIOD_16_EXACT
79749,2017-10-06 21:00:00,-901.0,PERIOD_16_EXACT
79750,2017-10-06 22:00:00,-901.0,PERIOD_16_EXACT
79751,2017-10-06 23:00:00,-901.0,PERIOD_16_EXACT
79752,2017-10-07 00:00:00,-901.0,PERIOD_16_EXACT
79753,2017-10-07 01:00:00,-901.0,PERIOD_16_EXACT
79754,2017-10-07 02:00:00,-901.0,PERIOD_16_EXACT
79755,2017-10-07 03:00:00,-901.0,PERIOD_16_EXACT
79756,2017-10-07 04:00:00,2182.982177734375,PERIOD_16_EXACT <-- PERIOD START
79757,2017-10-07 05:00:00,2189.759765625,PERIOD_16_EXACT
79758,2017-10-07 06:00:00,2196.53759765625,PERIOD_16_EXACT
79759,2017-10-07 07:00:00,2203.3154296875,PERIOD_16_EXACT
79760,2017-10-07 08:00:00,2210.093017578125,PERIOD_16_EXACT
79761,2017-10-07 09:00:00,2216.870849609375,PERIOD_16_EXACT
79762,2017-10-07 10:00:00,2223.648681640625,PERIOD_16_EXACT
79763,2017-10-07 11:00:00,2230.426513671875,PERIOD_16_EXACT
79764,2017-10-07 12:00:00,2237.204345703125,PERIOD_16_EXACT
79765,2017-10-07 13:00:00,2243.98193359375,PERIOD_16_EXACT
79766,2017-10-07 14:00:00,2250.759765625,PERIOD_16_EXACT
79767,2017-10-07 15:00:00,2241.553955078125,PERIOD_16_EXACT
79768,2017-10-07 16:00:00,2231.6318359375,PERIOD_16_EXACT
79769,2017-10-07 17:00:00,2221.709716796875,PERIOD_16_EXACT
79770,2017-10-07 18:00:00,2211.78759765625,PERIOD_16_EXACT
79771,2017-10-07 19:00:00,2201.865234375,PERIOD_16_EXACT
79772,2017-10-07 20:00:00,2191.94287109375,PERIOD_16_EXACT
79773,2017-10-07 21:00:00,2182.020751953125,PERIOD_16_EXACT
79774,2017-10-07 22:00:00,2172.0986328125,PERIOD_16_EXACT
79775,2017-10-07 23:00:00,2162.176513671875,PERIOD_16_EXACT
81406,2017-12-14 22:00:00,-901.0,PERIOD_17_EXACT
81407,2017-12-14 23:00:00,-901.0,PERIOD_17_EXACT
81408,2017-12-15 00:00:00,-901.0,PERIOD_17_EXACT
81409,2017-12-15 01:00:00,-901.0,PERIOD_17_EXACT
81410,2017-12-15 02:00:00,-901.0,PERIOD_17_EXACT
81411,2017-12-15 03:00:00,-901.0,PERIOD_17_EXACT
81412,2017-12-15 04:00:00,-901.0,PERIOD_17_EXACT
81413,2017-12-15 05:00:00,-901.0,PERIOD_17_EXACT
81414,2017-12-15 06:00:00,-901.0,PERIOD_17_EXACT
81415,2017-12-15 07:00:00,-901.0,PERIOD_17_EXACT
81416,2017-12-15 08:00:00,2377.218017578125,PERIOD_17_EXACT <-- PERIOD START
81417,2017-12-15 09:00:00,2360.90966796875,PERIOD_17_EXACT
81418,2017-12-15 10:00:00,2344.6015625,PERIOD_17_EXACT
81419,2017-12-15 11:00:00,2328.293212890625,PERIOD_17_EXACT
81420,2017-12-15 12:00:00,2311.985107421875,PERIOD_17_EXACT
81421,2017-12-15 13:00:00,2295.67724609375,PERIOD_17_EXACT
81422,2017-12-15 14:00:00,2279.368896484375,PERIOD_17_EXACT
81423,2017-12-15 15:00:00,2263.060791015625,PERIOD_17_EXACT
81424,2017-12-15 16:00:00,2246.75244140625,PERIOD_17_EXACT
81425,2017-12-15 17:00:00,2232.017822265625,PERIOD_17_EXACT
81426,2017-12-15 18:00:00,2232.017822265625,PERIOD_17_EXACT
81427,2017-12-15 19:00:00,2232.017822265625,PERIOD_17_EXACT
81428,2017-12-15 20:00:00,2232.017822265625,PERIOD_17_EXACT
81429,2017-12-15 21:00:00,2232.017822265625,PERIOD_17_EXACT
81430,2017-12-15 22:00:00,2232.017822265625,PERIOD_17_EXACT
81431,2017-12-15 23:00:00,2232.017822265625,PERIOD_17_EXACT
81432,2017-12-16 00:00:00,2232.017822265625,PERIOD_17_EXACT
81433,2017-12-16 01:00:00,2232.017822265625,PERIOD_17_EXACT
81434,2017-12-16 02:00:00,2232.017822265625,PERIOD_17_EXACT
81435,2017-12-16 03:00:00,2232.017822265625,PERIOD_17_EXACT
89377,2018-11-12 01:00:00,-901.0,PERIOD_18_EXACT
89378,2018-11-12 02:00:00,-901.0,PERIOD_18_EXACT
89379,2018-11-12 03:00:00,-901.0,PERIOD_18_EXACT
89380,2018-11-12 04:00:00,-901.0,PERIOD_18_EXACT
89381,2018-11-12 05:00:00,-901.0,PERIOD_18_EXACT
89382,2018-11-12 06:00:00,-901.0,PERIOD_18_EXACT
89383,2018-11-12 07:00:00,-901.0,PERIOD_18_EXACT
89384,2018-11-12 08:00:00,-901.0,PERIOD_18_EXACT
89385,2018-11-12 09:00:00,-901.0,PERIOD_18_EXACT
89386,2018-11-12 10:00:00,-901.0,PERIOD_18_EXACT
89387,2018-11-12 11:00:00,2060.3095703125,PERIOD_18_EXACT <-- PERIOD START
89388,2018-11-12 12:00:00,2070.52490234375,PERIOD_18_EXACT
89389,2018-11-12 13:00:00,2080.74072265625,PERIOD_18_EXACT
89390,2018-11-12 14:00:00,2090.9560546875,PERIOD_18_EXACT
89391,2018-11-12 15:00:00,2101.171875,PERIOD_18_EXACT
89392,2018-11-12 16:00:00,2111.38720703125,PERIOD_18_EXACT
89393,2018-11-12 17:00:00,2121.60302734375,PERIOD_18_EXACT
89394,2018-11-12 18:00:00,2131.818359375,PERIOD_18_EXACT
89395,2018-11-12 19:00:00,2142.033935546875,PERIOD_18_EXACT
89396,2018-11-12 20:00:00,2152.24951171875,PERIOD_18_EXACT
89397,2018-11-12 21:00:00,2162.465087890625,PERIOD_18_EXACT
89398,2018-11-12 22:00:00,2172.6806640625,PERIOD_18_EXACT
89399,2018-11-12 23:00:00,2182.896240234375,PERIOD_18_EXACT
89400,2018-11-13 00:00:00,2193.11181640625,PERIOD_18_EXACT
89401,2018-11-13 01:00:00,2203.327392578125,PERIOD_18_EXACT
89402,2018-11-13 02:00:00,2213.54296875,PERIOD_18_EXACT
89403,2018-11-13 03:00:00,2245.336181640625,PERIOD_18_EXACT
89404,2018-11-13 04:00:00,2242.627685546875,PERIOD_18_EXACT
89405,2018-11-13 05:00:00,2239.91943359375,PERIOD_18_EXACT
89406,2018-11-13 06:00:00,2237.2109375,PERIOD_18_EXACT
91236,2019-01-28 12:00:00,-901.0,PERIOD_19_EXACT
91237,2019-01-28 13:00:00,-901.0,PERIOD_19_EXACT
91238,2019-01-28 14:00:00,-901.0,PERIOD_19_EXACT
91239,2019-01-28 15:00:00,-901.0,PERIOD_19_EXACT
91240,2019-01-28 16:00:00,-901.0,PERIOD_19_EXACT
91241,2019-01-28 17:00:00,-901.0,PERIOD_19_EXACT
91242,2019-01-28 18:00:00,-901.0,PERIOD_19_EXACT
91243,2019-01-28 19:00:00,-901.0,PERIOD_19_EXACT
91244,2019-01-28 20:00:00,-901.0,PERIOD_19_EXACT
91245,2019-01-28 21:00:00,-901.0,PERIOD_19_EXACT
91246,2019-01-28 22:00:00,4953.64013671875,PERIOD_19_EXACT <-- PERIOD START
91247,2019-01-28 23:00:00,4893.17919921875,PERIOD_19_EXACT
91248,2019-01-29 00:00:00,4859.9765625,PERIOD_19_EXACT
91249,2019-01-29 01:00:00,4846.81640625,PERIOD_19_EXACT
91250,2019-01-29 02:00:00,4833.65673828125,PERIOD_19_EXACT
91251,2019-01-29 03:00:00,4820.4970703125,PERIOD_19_EXACT
91252,2019-01-29 04:00:00,4807.33740234375,PERIOD_19_EXACT
91253,2019-01-29 05:00:00,4794.177734375,PERIOD_19_EXACT
91254,2019-01-29 06:00:00,4781.01806640625,PERIOD_19_EXACT
91255,2019-01-29 07:00:00,4767.8583984375,PERIOD_19_EXACT
91256,2019-01-29 08:00:00,4754.69873046875,PERIOD_19_EXACT
91257,2019-01-29 09:00:00,4741.5390625,PERIOD_19_EXACT
91258,2019-01-29 10:00:00,4728.37890625,PERIOD_19_EXACT
91259,2019-01-29 11:00:00,4715.2197265625,PERIOD_19_EXACT
91260,2019-01-29 12:00:00,4702.0595703125,PERIOD_19_EXACT
91261,2019-01-29 13:00:00,4688.900390625,PERIOD_19_EXACT
91262,2019-01-29 14:00:00,4675.740234375,PERIOD_19_EXACT
91263,2019-01-29 15:00:00,4662.58056640625,PERIOD_19_EXACT
91264,2019-01-29 16:00:00,4649.4208984375,PERIOD_19_EXACT
91265,2019-01-29 17:00:00,4636.26123046875,PERIOD_19_EXACT
92626,2019-03-27 10:00:00,-901.0,PERIOD_20_EXACT
92627,2019-03-27 11:00:00,-901.0,PERIOD_20_EXACT
92628,2019-03-27 12:00:00,-901.0,PERIOD_20_EXACT
92629,2019-03-27 13:00:00,-901.0,PERIOD_20_EXACT
92630,2019-03-27 14:00:00,-901.0,PERIOD_20_EXACT
92631,2019-03-27 15:00:00,-901.0,PERIOD_20_EXACT
92632,2019-03-27 16:00:00,-901.0,PERIOD_20_EXACT
92633,2019-03-27 17:00:00,-901.0,PERIOD_20_EXACT
92634,2019-03-27 18:00:00,-901.0,PERIOD_20_EXACT
92635,2019-03-27 19:00:00,-901.0,PERIOD_20_EXACT
92636,2019-03-27 20:00:00,5257.3623046875,PERIOD_20_EXACT <-- PERIOD START
92637,2019-03-27 21:00:00,5196.7705078125,PERIOD_20_EXACT
92638,2019-03-27 22:00:00,5136.1787109375,PERIOD_20_EXACT
92639,2019-03-27 23:00:00,5132.083984375,PERIOD_20_EXACT
92640,2019-03-28 00:00:00,5091.48095703125,PERIOD_20_EXACT
92641,2019-03-28 01:00:00,5050.87841796875,PERIOD_20_EXACT
92642,2019-03-28 02:00:00,5010.2763671875,PERIOD_20_EXACT
92643,2019-03-28 03:00:00,4969.67333984375,PERIOD_20_EXACT
92644,2019-03-28 04:00:00,4929.07080078125,PERIOD_20_EXACT
92645,2019-03-28 05:00:00,4888.46875,PERIOD_20_EXACT
92646,2019-03-28 06:00:00,4847.86572265625,PERIOD_20_EXACT
92647,2019-03-28 07:00:00,4807.263671875,PERIOD_20_EXACT
92648,2019-03-28 08:00:00,4766.6611328125,PERIOD_20_EXACT
92649,2019-03-28 09:00:00,4726.05810546875,PERIOD_20_EXACT
92650,2019-03-28 10:00:00,4685.4560546875,PERIOD_20_EXACT
92651,2019-03-28 11:00:00,4644.85302734375,PERIOD_20_EXACT
92652,2019-03-28 12:00:00,4604.25048828125,PERIOD_20_EXACT
92653,2019-03-28 13:00:00,4563.6484375,PERIOD_20_EXACT
92654,2019-03-28 14:00:00,4523.04541015625,PERIOD_20_EXACT
92655,2019-03-28 15:00:00,4482.443359375,PERIOD_20_EXACT
98950,2019-12-15 22:00:00,-901.0,PERIOD_21_EXACT
98951,2019-12-15 23:00:00,-901.0,PERIOD_21_EXACT
98952,2019-12-16 00:00:00,-901.0,PERIOD_21_EXACT
98953,2019-12-16 01:00:00,-901.0,PERIOD_21_EXACT
98954,2019-12-16 02:00:00,-901.0,PERIOD_21_EXACT
98955,2019-12-16 03:00:00,-901.0,PERIOD_21_EXACT
98956,2019-12-16 04:00:00,-901.0,PERIOD_21_EXACT
98957,2019-12-16 05:00:00,-901.0,PERIOD_21_EXACT
98958,2019-12-16 06:00:00,-901.0,PERIOD_21_EXACT
98959,2019-12-16 07:00:00,-901.0,PERIOD_21_EXACT
98960,2019-12-16 08:00:00,2856.091796875,PERIOD_21_EXACT <-- PERIOD START
98961,2019-12-16 09:00:00,2850.981689453125,PERIOD_21_EXACT
98962,2019-12-16 10:00:00,2845.87158203125,PERIOD_21_EXACT
98963,2019-12-16 11:00:00,2840.761474609375,PERIOD_21_EXACT
98964,2019-12-16 12:00:00,2835.651123046875,PERIOD_21_EXACT
98965,2019-12-16 13:00:00,2830.540771484375,PERIOD_21_EXACT
98966,2019-12-16 14:00:00,2825.4306640625,PERIOD_21_EXACT
98967,2019-12-16 15:00:00,2820.320556640625,PERIOD_21_EXACT
98968,2019-12-16 16:00:00,2815.21044921875,PERIOD_21_EXACT
98969,2019-12-16 17:00:00,2810.10009765625,PERIOD_21_EXACT
98970,2019-12-16 18:00:00,2804.98974609375,PERIOD_21_EXACT
98971,2019-12-16 19:00:00,2799.879638671875,PERIOD_21_EXACT
98972,2019-12-16 20:00:00,2794.76953125,PERIOD_21_EXACT
98973,2019-12-16 21:00:00,2789.659423828125,PERIOD_21_EXACT
98974,2019-12-16 22:00:00,2784.549072265625,PERIOD_21_EXACT
98975,2019-12-16 23:00:00,2779.43896484375,PERIOD_21_EXACT
98976,2019-12-17 00:00:00,2774.32861328125,PERIOD_21_EXACT
98977,2019-12-17 01:00:00,2769.218505859375,PERIOD_21_EXACT
98978,2019-12-17 02:00:00,2764.1083984375,PERIOD_21_EXACT
98979,2019-12-17 03:00:00,2758.998046875,PERIOD_21_EXACT
107809,2020-12-19 01:00:00,-901.0,PERIOD_22_EXACT
107810,2020-12-19 02:00:00,-901.0,PERIOD_22_EXACT
107811,2020-12-19 03:00:00,-901.0,PERIOD_22_EXACT
107812,2020-12-19 04:00:00,-901.0,PERIOD_22_EXACT
107813,2020-12-19 05:00:00,-901.0,PERIOD_22_EXACT
107814,2020-12-19 06:00:00,-901.0,PERIOD_22_EXACT
107815,2020-12-19 07:00:00,-901.0,PERIOD_22_EXACT
107816,2020-12-19 08:00:00,-901.0,PERIOD_22_EXACT
107817,2020-12-19 09:00:00,-901.0,PERIOD_22_EXACT
107818,2020-12-19 10:00:00,-901.0,PERIOD_22_EXACT
107819,2020-12-19 11:00:00,4825.603515625,PERIOD_22_EXACT <-- PERIOD START
107820,2020-12-19 12:00:00,4881.90234375,PERIOD_22_EXACT
107821,2020-12-19 13:00:00,4938.2001953125,PERIOD_22_EXACT
107822,2020-12-19 14:00:00,4994.4990234375,PERIOD_22_EXACT
107823,2020-12-19 15:00:00,5050.79736328125,PERIOD_22_EXACT
107824,2020-12-19 16:00:00,5107.095703125,PERIOD_22_EXACT
107825,2020-12-19 17:00:00,5163.39404296875,PERIOD_22_EXACT
107826,2020-12-19 18:00:00,5219.6923828125,PERIOD_22_EXACT
107827,2020-12-19 19:00:00,5275.99072265625,PERIOD_22_EXACT
107828,2020-12-19 20:00:00,5332.28955078125,PERIOD_22_EXACT
107829,2020-12-19 21:00:00,5388.58740234375,PERIOD_22_EXACT
107830,2020-12-19 22:00:00,5444.88623046875,PERIOD_22_EXACT
107831,2020-12-19 23:00:00,5501.1845703125,PERIOD_22_EXACT
107832,2020-12-20 00:00:00,5557.48291015625,PERIOD_22_EXACT
107833,2020-12-20 01:00:00,5613.78125,PERIOD_22_EXACT
107834,2020-12-20 02:00:00,5680.76416015625,PERIOD_22_EXACT
107835,2020-12-20 03:00:00,5873.787109375,PERIOD_22_EXACT
107836,2020-12-20 04:00:00,6066.81005859375,PERIOD_22_EXACT
107837,2020-12-20 05:00:00,6259.8330078125,PERIOD_22_EXACT
107838,2020-12-20 06:00:00,6452.8564453125,PERIOD_22_EXACT
109023,2021-02-07 15:00:00,-901.0,PERIOD_23_EXACT
109024,2021-02-07 16:00:00,-901.0,PERIOD_23_EXACT
109025,2021-02-07 17:00:00,-901.0,PERIOD_23_EXACT
109026,2021-02-07 18:00:00,-901.0,PERIOD_23_EXACT
109027,2021-02-07 19:00:00,-901.0,PERIOD_23_EXACT
109028,2021-02-07 20:00:00,-901.0,PERIOD_23_EXACT
109029,2021-02-07 21:00:00,-901.0,PERIOD_23_EXACT
109030,2021-02-07 22:00:00,-901.0,PERIOD_23_EXACT
109031,2021-02-07 23:00:00,-901.0,PERIOD_23_EXACT
109032,2021-02-08 00:00:00,-901.0,PERIOD_23_EXACT
109033,2021-02-08 01:00:00,4711.41455078125,PERIOD_23_EXACT <-- PERIOD START
109034,2021-02-08 02:00:00,4775.95458984375,PERIOD_23_EXACT
109035,2021-02-08 03:00:00,4404.85009765625,PERIOD_23_EXACT
109036,2021-02-08 04:00:00,4395.283203125,PERIOD_23_EXACT
109037,2021-02-08 05:00:00,4345.4951171875,PERIOD_23_EXACT
109038,2021-02-08 06:00:00,4295.70703125,PERIOD_23_EXACT
109039,2021-02-08 07:00:00,4245.91845703125,PERIOD_23_EXACT
109040,2021-02-08 08:00:00,4196.13037109375,PERIOD_23_EXACT
109041,2021-02-08 09:00:00,4146.34228515625,PERIOD_23_EXACT
109042,2021-02-08 10:00:00,4096.55419921875,PERIOD_23_EXACT
109043,2021-02-08 11:00:00,4046.765869140625,PERIOD_23_EXACT
109044,2021-02-08 12:00:00,3996.977783203125,PERIOD_23_EXACT
109045,2021-02-08 13:00:00,3947.189453125,PERIOD_23_EXACT
109046,2021-02-08 14:00:00,3897.4013671875,PERIOD_23_EXACT
109047,2021-02-08 15:00:00,3847.613037109375,PERIOD_23_EXACT
109048,2021-02-08 16:00:00,3797.824951171875,PERIOD_23_EXACT
109049,2021-02-08 17:00:00,3757.385009765625,PERIOD_23_EXACT
109050,2021-02-08 18:00:00,3720.633544921875,PERIOD_23_EXACT
109051,2021-02-08 19:00:00,3683.8818359375,PERIOD_23_EXACT
109052,2021-02-08 20:00:00,3647.130615234375,PERIOD_23_EXACT
115320,2021-10-28 00:00:00,-901.0,PERIOD_24_EXACT
115321,2021-10-28 01:00:00,-901.0,PERIOD_24_EXACT
115322,2021-10-28 02:00:00,-901.0,PERIOD_24_EXACT
115323,2021-10-28 03:00:00,-901.0,PERIOD_24_EXACT
115324,2021-10-28 04:00:00,-901.0,PERIOD_24_EXACT
115325,2021-10-28 05:00:00,-901.0,PERIOD_24_EXACT
115326,2021-10-28 06:00:00,-901.0,PERIOD_24_EXACT
115327,2021-10-28 07:00:00,-901.0,PERIOD_24_EXACT
115328,2021-10-28 08:00:00,-901.0,PERIOD_24_EXACT
115329,2021-10-28 09:00:00,-901.0,PERIOD_24_EXACT
115330,2021-10-28 10:00:00,3764.599609375,PERIOD_24_EXACT <-- PERIOD START
115331,2021-10-28 11:00:00,3764.599609375,PERIOD_24_EXACT
115332,2021-10-28 12:00:00,3764.599609375,PERIOD_24_EXACT
115333,2021-10-28 13:00:00,3764.599609375,PERIOD_24_EXACT
115334,2021-10-28 14:00:00,3764.599609375,PERIOD_24_EXACT
115335,2021-10-28 15:00:00,3679.738037109375,PERIOD_24_EXACT
115336,2021-10-28 16:00:00,4001.196533203125,PERIOD_24_EXACT
115337,2021-10-28 17:00:00,4322.65478515625,PERIOD_24_EXACT
115338,2021-10-28 18:00:00,4644.11328125,PERIOD_24_EXACT
115339,2021-10-28 19:00:00,4965.572265625,PERIOD_24_EXACT
115340,2021-10-28 20:00:00,5287.03076171875,PERIOD_24_EXACT
115341,2021-10-28 21:00:00,5608.4892578125,PERIOD_24_EXACT
115342,2021-10-28 22:00:00,5929.94775390625,PERIOD_24_EXACT
115343,2021-10-28 23:00:00,6251.40625,PERIOD_24_EXACT
115344,2021-10-29 00:00:00,6613.7490234375,PERIOD_24_EXACT
115345,2021-10-29 01:00:00,7099.46923828125,PERIOD_24_EXACT
115346,2021-10-29 02:00:00,7585.18994140625,PERIOD_24_EXACT
115347,2021-10-29 03:00:00,8070.91015625,PERIOD_24_EXACT
115348,2021-10-29 04:00:00,8556.630859375,PERIOD_24_EXACT
115349,2021-10-29 05:00:00,9042.3505859375,PERIOD_24_EXACT
116648,2021-12-22 08:00:00,-901.0,PERIOD_25_EXACT
116649,2021-12-22 09:00:00,-901.0,PERIOD_25_EXACT
116650,2021-12-22 10:00:00,-901.0,PERIOD_25_EXACT
116651,2021-12-22 11:00:00,-901.0,PERIOD_25_EXACT
116652,2021-12-22 12:00:00,-901.0,PERIOD_25_EXACT
116653,2021-12-22 13:00:00,-901.0,PERIOD_25_EXACT
116654,2021-12-22 14:00:00,-901.0,PERIOD_25_EXACT
116655,2021-12-22 15:00:00,-901.0,PERIOD_25_EXACT
116656,2021-12-22 16:00:00,-901.0,PERIOD_25_EXACT
116657,2021-12-22 17:00:00,-901.0,PERIOD_25_EXACT
116658,2021-12-22 18:00:00,6357.537109375,PERIOD_25_EXACT <-- PERIOD START
116659,2021-12-22 19:00:00,6374.12890625,PERIOD_25_EXACT
116660,2021-12-22 20:00:00,6390.72119140625,PERIOD_25_EXACT
116661,2021-12-22 21:00:00,6407.31298828125,PERIOD_25_EXACT
116662,2021-12-22 22:00:00,6397.4111328125,PERIOD_25_EXACT
116663,2021-12-22 23:00:00,6428.021484375,PERIOD_25_EXACT
116664,2021-12-23 00:00:00,6458.63232421875,PERIOD_25_EXACT
116665,2021-12-23 01:00:00,6489.2431640625,PERIOD_25_EXACT
116666,2021-12-23 02:00:00,6519.85400390625,PERIOD_25_EXACT
116667,2021-12-23 03:00:00,6550.46435546875,PERIOD_25_EXACT
116668,2021-12-23 04:00:00,6581.07470703125,PERIOD_25_EXACT
116669,2021-12-23 05:00:00,6611.685546875,PERIOD_25_EXACT
116670,2021-12-23 06:00:00,6642.29638671875,PERIOD_25_EXACT
116671,2021-12-23 07:00:00,6672.9072265625,PERIOD_25_EXACT
116672,2021-12-23 08:00:00,6703.517578125,PERIOD_25_EXACT
116673,2021-12-23 09:00:00,6734.1279296875,PERIOD_25_EXACT
116674,2021-12-23 10:00:00,6764.7392578125,PERIOD_25_EXACT
116675,2021-12-23 11:00:00,6795.349609375,PERIOD_25_EXACT
116676,2021-12-23 12:00:00,6825.96044921875,PERIOD_25_EXACT
116677,2021-12-23 13:00:00,6856.755859375,PERIOD_25_EXACT
123902,2022-10-20 14:00:00,-901.0,PERIOD_26_EXACT
123903,2022-10-20 15:00:00,-901.0,PERIOD_26_EXACT
123904,2022-10-20 16:00:00,-901.0,PERIOD_26_EXACT
123905,2022-10-20 17:00:00,-901.0,PERIOD_26_EXACT
123906,2022-10-20 18:00:00,-901.0,PERIOD_26_EXACT
123907,2022-10-20 19:00:00,-901.0,PERIOD_26_EXACT
123908,2022-10-20 20:00:00,-901.0,PERIOD_26_EXACT
123909,2022-10-20 21:00:00,-901.0,PERIOD_26_EXACT
123910,2022-10-20 22:00:00,-901.0,PERIOD_26_EXACT
123911,2022-10-20 23:00:00,-901.0,PERIOD_26_EXACT
123912,2022-10-21 00:00:00,1718.82958984375,PERIOD_26_EXACT <-- PERIOD START
123913,2022-10-21 01:00:00,1699.3836669921875,PERIOD_26_EXACT
123914,2022-10-21 02:00:00,1679.9376220703125,PERIOD_26_EXACT
123915,2022-10-21 03:00:00,1624.55615234375,PERIOD_26_EXACT
123916,2022-10-21 04:00:00,1619.1947021484375,PERIOD_26_EXACT
123917,2022-10-21 05:00:00,1613.833251953125,PERIOD_26_EXACT
123918,2022-10-21 06:00:00,1608.471923828125,PERIOD_26_EXACT
123919,2022-10-21 07:00:00,1603.1104736328125,PERIOD_26_EXACT
123920,2022-10-21 08:00:00,1597.7490234375,PERIOD_26_EXACT
123921,2022-10-21 09:00:00,1592.3875732421875,PERIOD_26_EXACT
123922,2022-10-21 10:00:00,1587.026123046875,PERIOD_26_EXACT
123923,2022-10-21 11:00:00,1581.6646728515625,PERIOD_26_EXACT
123924,2022-10-21 12:00:00,1576.30322265625,PERIOD_26_EXACT
123925,2022-10-21 13:00:00,1570.9417724609375,PERIOD_26_EXACT
123926,2022-10-21 14:00:00,1565.580322265625,PERIOD_26_EXACT
123927,2022-10-21 15:00:00,1560.2188720703125,PERIOD_26_EXACT
123928,2022-10-21 16:00:00,1554.857421875,PERIOD_26_EXACT
123929,2022-10-21 17:00:00,1549.4959716796875,PERIOD_26_EXACT
123930,2022-10-21 18:00:00,1544.134521484375,PERIOD_26_EXACT
123931,2022-10-21 19:00:00,1538.7730712890625,PERIOD_26_EXACT
125177,2022-12-12 17:00:00,-901.0,PERIOD_27_EXACT
125178,2022-12-12 18:00:00,-901.0,PERIOD_27_EXACT
125179,2022-12-12 19:00:00,-901.0,PERIOD_27_EXACT
125180,2022-12-12 20:00:00,-901.0,PERIOD_27_EXACT
125181,2022-12-12 21:00:00,-901.0,PERIOD_27_EXACT
125182,2022-12-12 22:00:00,-901.0,PERIOD_27_EXACT
125183,2022-12-12 23:00:00,-901.0,PERIOD_27_EXACT
125184,2022-12-13 00:00:00,-901.0,PERIOD_27_EXACT
125185,2022-12-13 01:00:00,-901.0,PERIOD_27_EXACT
125186,2022-12-13 02:00:00,-901.0,PERIOD_27_EXACT
125187,2022-12-13 03:00:00,974.9450073242188,PERIOD_27_EXACT <-- PERIOD START
125188,2022-12-13 04:00:00,965.9292602539062,PERIOD_27_EXACT
125189,2022-12-13 05:00:00,956.9135131835938,PERIOD_27_EXACT
125190,2022-12-13 06:00:00,947.897705078125,PERIOD_27_EXACT
125191,2022-12-13 07:00:00,938.8819580078125,PERIOD_27_EXACT
125192,2022-12-13 08:00:00,929.8662109375,PERIOD_27_EXACT
125193,2022-12-13 09:00:00,920.850341796875,PERIOD_27_EXACT
125194,2022-12-13 10:00:00,911.8345947265625,PERIOD_27_EXACT
125195,2022-12-13 11:00:00,902.81884765625,PERIOD_27_EXACT
125196,2022-12-13 12:00:00,824.5344848632812,PERIOD_27_EXACT
125197,2022-12-13 13:00:00,824.5344848632812,PERIOD_27_EXACT
125198,2022-12-13 14:00:00,824.5344848632812,PERIOD_27_EXACT
125199,2022-12-13 15:00:00,824.5344848632812,PERIOD_27_EXACT
125200,2022-12-13 16:00:00,824.5344848632812,PERIOD_27_EXACT
125201,2022-12-13 17:00:00,824.5344848632812,PERIOD_27_EXACT
125202,2022-12-13 18:00:00,824.5344848632812,PERIOD_27_EXACT
125203,2022-12-13 19:00:00,824.5344848632812,PERIOD_27_EXACT
125204,2022-12-13 20:00:00,824.5344848632812,PERIOD_27_EXACT
125205,2022-12-13 21:00:00,824.5344848632812,PERIOD_27_EXACT
125206,2022-12-13 22:00:00,824.5344848632812,PERIOD_27_EXACT
133407,2023-11-20 15:00:00,-901.0,PERIOD_28_EXACT
133408,2023-11-20 16:00:00,-901.0,PERIOD_28_EXACT
133409,2023-11-20 17:00:00,-901.0,PERIOD_28_EXACT
133410,2023-11-20 18:00:00,-901.0,PERIOD_28_EXACT
133411,2023-11-20 19:00:00,-901.0,PERIOD_28_EXACT
133412,2023-11-20 20:00:00,-901.0,PERIOD_28_EXACT
133413,2023-11-20 21:00:00,-901.0,PERIOD_28_EXACT
133414,2023-11-20 22:00:00,-901.0,PERIOD_28_EXACT
133415,2023-11-20 23:00:00,-901.0,PERIOD_28_EXACT
133416,2023-11-21 00:00:00,-901.0,PERIOD_28_EXACT
133417,2023-11-21 01:00:00,3905.4169921875,PERIOD_28_EXACT <-- PERIOD START
133418,2023-11-21 02:00:00,4004.119384765625,PERIOD_28_EXACT
133419,2023-11-21 03:00:00,3996.49365234375,PERIOD_28_EXACT
133420,2023-11-21 04:00:00,3988.8681640625,PERIOD_28_EXACT
133421,2023-11-21 05:00:00,3981.242919921875,PERIOD_28_EXACT
133422,2023-11-21 06:00:00,3973.617431640625,PERIOD_28_EXACT
133423,2023-11-21 07:00:00,3965.99169921875,PERIOD_28_EXACT
133424,2023-11-21 08:00:00,3958.366455078125,PERIOD_28_EXACT
133425,2023-11-21 09:00:00,3950.740966796875,PERIOD_28_EXACT
133426,2023-11-21 10:00:00,3943.115234375,PERIOD_28_EXACT
133427,2023-11-21 11:00:00,3935.489990234375,PERIOD_28_EXACT
133428,2023-11-21 12:00:00,3927.864501953125,PERIOD_28_EXACT
133429,2023-11-21 13:00:00,3920.239013671875,PERIOD_28_EXACT
133430,2023-11-21 14:00:00,3912.613525390625,PERIOD_28_EXACT
133431,2023-11-21 15:00:00,3904.988037109375,PERIOD_28_EXACT
133432,2023-11-21 16:00:00,3897.36279296875,PERIOD_28_EXACT
133433,2023-11-21 17:00:00,3889.737060546875,PERIOD_28_EXACT
133434,2023-11-21 18:00:00,3882.111572265625,PERIOD_28_EXACT
133435,2023-11-21 19:00:00,3874.486328125,PERIOD_28_EXACT
133436,2023-11-21 20:00:00,3866.86083984375,PERIOD_28_EXACT
144113,2025-02-08 17:00:00,-901.0,PERIOD_29_EXACT
144114,2025-02-08 18:00:00,-901.0,PERIOD_29_EXACT
144115,2025-02-08 19:00:00,-901.0,PERIOD_29_EXACT
144116,2025-02-08 20:00:00,-901.0,PERIOD_29_EXACT
144117,2025-02-08 21:00:00,-901.0,PERIOD_29_EXACT
144118,2025-02-08 22:00:00,-901.0,PERIOD_29_EXACT
144119,2025-02-08 23:00:00,-901.0,PERIOD_29_EXACT
144120,2025-02-09 00:00:00,-901.0,PERIOD_29_EXACT
144121,2025-02-09 01:00:00,-901.0,PERIOD_29_EXACT
144122,2025-02-09 02:00:00,-901.0,PERIOD_29_EXACT
144123,2025-02-09 03:00:00,1447.647705078125,PERIOD_29_EXACT <-- PERIOD START
144124,2025-02-09 04:00:00,2482.7333984375,PERIOD_29_EXACT
144125,2025-02-09 05:00:00,1788.35888671875,PERIOD_29_EXACT
144126,2025-02-09 06:00:00,1804.1483154296875,PERIOD_29_EXACT
144127,2025-02-09 07:00:00,1819.9376220703125,PERIOD_29_EXACT
144128,2025-02-09 08:00:00,1835.72705078125,PERIOD_29_EXACT
144129,2025-02-09 09:00:00,1851.516357421875,PERIOD_29_EXACT
144130,2025-02-09 10:00:00,1867.3055419921875,PERIOD_29_EXACT
144131,2025-02-09 11:00:00,1883.094970703125,PERIOD_29_EXACT
144132,2025-02-09 12:00:00,1898.88427734375,PERIOD_29_EXACT
144133,2025-02-09 13:00:00,1914.6737060546875,PERIOD_29_EXACT
144134,2025-02-09 14:00:00,1930.463134765625,PERIOD_29_EXACT
144135,2025-02-09 15:00:00,1946.2523193359375,PERIOD_29_EXACT
144136,2025-02-09 16:00:00,1962.041748046875,PERIOD_29_EXACT
144137,2025-02-09 17:00:00,1977.8311767578125,PERIOD_29_EXACT
144138,2025-02-09 18:00:00,1993.620361328125,PERIOD_29_EXACT
144139,2025-02-09 19:00:00,2009.4097900390625,PERIOD_29_EXACT
144140,2025-02-09 20:00:00,2025.19921875,PERIOD_29_EXACT
144141,2025-02-09 21:00:00,2040.988525390625,PERIOD_29_EXACT
144142,2025-02-09 22:00:00,2056.77783203125,PERIOD_29_EXACT
151031,2025-11-23 23:00:00,-901.0,PERIOD_30_EXACT
151032,2025-11-24 00:00:00,-901.0,PERIOD_30_EXACT
151033,2025-11-24 01:00:00,-901.0,PERIOD_30_EXACT
151034,2025-11-24 02:00:00,-901.0,PERIOD_30_EXACT
151035,2025-11-24 03:00:00,-901.0,PERIOD_30_EXACT
151036,2025-11-24 04:00:00,-901.0,PERIOD_30_EXACT
151037,2025-11-24 05:00:00,-901.0,PERIOD_30_EXACT
151038,2025-11-24 06:00:00,-901.0,PERIOD_30_EXACT
151039,2025-11-24 07:00:00,-901.0,PERIOD_30_EXACT
151040,2025-11-24 08:00:00,-901.0,PERIOD_30_EXACT
151041,2025-11-24 09:00:00,3566.1416015625,PERIOD_30_EXACT <-- PERIOD START
151042,2025-11-24 10:00:00,3529.275634765625,PERIOD_30_EXACT
151043,2025-11-24 11:00:00,3492.4091796875,PERIOD_30_EXACT
151044,2025-11-24 12:00:00,3455.54296875,PERIOD_30_EXACT
151045,2025-11-24 13:00:00,3418.6767578125,PERIOD_30_EXACT
151046,2025-11-24 14:00:00,3381.810546875,PERIOD_30_EXACT
151047,2025-11-24 15:00:00,3344.944091796875,PERIOD_30_EXACT
151048,2025-11-24 16:00:00,3308.077880859375,PERIOD_30_EXACT
151049,2025-11-24 17:00:00,3271.211669921875,PERIOD_30_EXACT
151050,2025-11-24 18:00:00,3234.345703125,PERIOD_30_EXACT
151051,2025-11-24 19:00:00,3197.4794921875,PERIOD_30_EXACT
151052,2025-11-24 20:00:00,3160.613037109375,PERIOD_30_EXACT
151053,2025-11-24 21:00:00,3123.746826171875,PERIOD_30_EXACT
151054,2025-11-24 22:00:00,3086.880615234375,PERIOD_30_EXACT
151055,2025-11-24 23:00:00,3050.014404296875,PERIOD_30_EXACT
151056,2025-11-25 00:00:00,3013.14794921875,PERIOD_30_EXACT
151057,2025-11-25 01:00:00,2976.28173828125,PERIOD_30_EXACT
151058,2025-11-25 02:00:00,2975.06396484375,PERIOD_30_EXACT
151059,2025-11-25 03:00:00,2975.06396484375,PERIOD_30_EXACT
151060,2025-11-25 04:00:00,2975.06396484375,PERIOD_30_EXACT
153310,2026-02-26 22:00:00,-901.0,PERIOD_31_EXACT
153311,2026-02-26 23:00:00,-901.0,PERIOD_31_EXACT
153312,2026-02-27 00:00:00,-901.0,PERIOD_31_EXACT
153313,2026-02-27 01:00:00,-901.0,PERIOD_31_EXACT
153314,2026-02-27 02:00:00,-901.0,PERIOD_31_EXACT
153315,2026-02-27 03:00:00,-901.0,PERIOD_31_EXACT
153316,2026-02-27 04:00:00,-901.0,PERIOD_31_EXACT
153317,2026-02-27 05:00:00,-901.0,PERIOD_31_EXACT
153318,2026-02-27 06:00:00,-901.0,PERIOD_31_EXACT
153319,2026-02-27 07:00:00,-901.0,PERIOD_31_EXACT
153320,2026-02-27 08:00:00,3507.8154296875,PERIOD_31_EXACT <-- PERIOD START
153321,2026-02-27 09:00:00,3484.750732421875,PERIOD_31_EXACT
153322,2026-02-27 10:00:00,3461.685546875,PERIOD_31_EXACT
153323,2026-02-27 11:00:00,3438.620361328125,PERIOD_31_EXACT
153324,2026-02-27 12:00:00,3415.555419921875,PERIOD_31_EXACT
153325,2026-02-27 13:00:00,3392.490234375,PERIOD_31_EXACT
153326,2026-02-27 14:00:00,3369.42529296875,PERIOD_31_EXACT
153327,2026-02-27 15:00:00,3346.3603515625,PERIOD_31_EXACT
153328,2026-02-27 16:00:00,3323.295166015625,PERIOD_31_EXACT
153329,2026-02-27 17:00:00,3300.22998046875,PERIOD_31_EXACT
153330,2026-02-27 18:00:00,3277.1650390625,PERIOD_31_EXACT
153331,2026-02-27 19:00:00,3254.099853515625,PERIOD_31_EXACT
153332,2026-02-27 20:00:00,3231.034912109375,PERIOD_31_EXACT
153333,2026-02-27 21:00:00,3207.969970703125,PERIOD_31_EXACT
153334,2026-02-27 22:00:00,3184.90478515625,PERIOD_31_EXACT
153335,2026-02-27 23:00:00,3161.839599609375,PERIOD_31_EXACT
153336,2026-02-28 00:00:00,3138.774658203125,PERIOD_31_EXACT
153337,2026-02-28 01:00:00,3115.70947265625,PERIOD_31_EXACT
153338,2026-02-28 02:00:00,3092.64453125,PERIOD_31_EXACT
153339,2026-02-28 03:00:00,3069.57958984375,PERIOD_31_EXACT
