Start,End
3-Nov-08,17-Nov-08
2-Jan-09,14-Jan-09
15-Nov-09,30-Nov-09
29-Dec-09,12-Jan-10
28-May-10,6-Jun-10
9-Jun-10,14-Jun-10
12-Jan-11,19-Jan-11
22-Nov-11,24-Nov-11
21-Feb-12,24-Feb-12
28-Sep-13,2-Oct-13
3-Mar-14,12-Mar-14
21-Nov-14,30-Nov-14
21-Dec-14,23-Dec-14
4-Jan-15,7-Jan-15
13-Nov-15,19-Nov-15
7-Dec-15,11-Dec-15
8-Feb-17,14-Feb-17
16-Feb-17,18-Feb-17
9-Mar-17,17-Mar-17
21-Oct-17,23-Oct-17
29-Dec-17,31-Dec-17
10-Dec-18,15-Dec-18
18-Dec-18,22-Dec-18
28-Dec-18,1-Jan-19
1-Feb-19,5-Feb-19
8-Apr-19,14-Apr-19
5-Jan-20,10-Jan-20
11-Jan-21,15-Jan-21
21-Feb-21,24-Feb-21
11-Nov-21,14-Nov-21
6-Jan-22,8-Jan-22
11-Jan-22,13-Jan-22
4-Nov-22,6-Nov-22
24-Dec-22,28-Dec-22
2-Dec-23,10-Dec-23
22-Feb-25,27-Feb-25
7-Dec-25,12-Dec-25
10-Mar-26,15-Mar-26
