WY,reg_peak,reg_peak_source,dS_2day_cfs,predicted_reg_minus_unreg,unreg_peak_est,se_cfs
1993,14100.0,hourly_1hr_max,17657.57447153727,-19171.927277864183,33271.92727786418,5527.569784164035
1994,17300.0,hourly_1hr_max,3225.193847020467,-6636.952598568354,23936.952598568354,5527.569784164035
1995,47350.0,hourly_1hr_max,14885.463289896647,-16764.261877810237,64114.26187781023,5527.569784164035
1996,111250.0,hourly_1hr_max,71119.03866526285,-65604.88365708016,176854.88365708018,5527.569784164035
1998,30550.0,hourly_1hr_max,5225.898625946044,-8374.627372886323,38924.62737288632,5527.569784164035
2000,41375.0,hourly_1hr_max,32076.57700093587,-31695.28266246936,73070.28266246936,5527.569784164035
2002,50875.0,hourly_1hr_max,13029.082112121581,-15151.936672154092,66026.93667215409,5527.569784164035
2005,29450.0,hourly_1hr_max,22536.450155766805,-23409.38364465099,52859.38364465099,5527.569784164035
2007,76975.0,hourly_1hr_max,57784.96147588094,-54023.81991651142,130998.81991651142,5527.569784164035
