event_time_unreg,cas_unreg_peak_cfs,reg_peak_time,cas_reg_peak_cfs,lag_reg_vs_unreg_hours,reg_peak_near_window_edge,cow_peak_cfs,cow_at_unreg_peak_cfs,cow_at_reg_peak_cfs,ratio_at_unreg_peak,ratio_at_reg_peak,magnitude_bin
2006-11-07 20:00:00,155017.59375,2006-11-08 01:00:00,94856.734375,5.0,False,7297.5,4062.5,3065.0,0.5566974991435423,0.4200068516615279,>60k
2006-11-14 21:00:00,35764.1328125,2006-11-11 21:00:00,59849.55859375,-72.0,True,1442.5,985.75,1190.0,0.6833622183708838,0.8249566724436742,20-40k
2006-11-24 12:00:00,25088.125,2006-11-24 12:00:00,27714.095703125,0.0,False,2205.0,1892.5,1892.5,0.8582766439909297,0.8582766439909297,20-40k
2006-12-15 14:00:00,63582.2109375,2006-12-15 09:00:00,47549.2421875,-5.0,False,3025.0,2127.5,2457.5,0.7033057851239669,0.812396694214876,>60k
2006-12-27 14:00:00,22116.384765625,2006-12-27 14:00:00,22116.384765625,0.0,False,1295.0,1175.0,1175.0,0.9073359073359073,0.9073359073359073,20-40k
2007-01-08 05:00:00,36569.09375,2007-01-08 05:00:00,36569.09375,0.0,False,3997.5,3060.0,3060.0,0.7654784240150094,0.7654784240150094,20-40k
2007-02-20 20:00:00,25646.94140625,2007-02-20 20:00:00,24216.37109375,0.0,False,2895.0,2320.0,2320.0,0.8013816925734024,0.8013816925734024,20-40k
2007-03-12 18:00:00,46512.10546875,2007-03-12 22:00:00,31793.392578125,4.0,False,886.0,803.0,763.75,0.9063205417607223,0.8620203160270881,40-60k
2007-03-25 21:00:00,55157.8828125,2007-03-25 22:00:00,35964.40234375,1.0,False,1967.5,1367.5,1345.0,0.6950444726810674,0.6836086404066074,40-60k
2007-12-04 04:00:00,89748.5078125,2007-12-04 00:00:00,61128.6328125,-4.0,False,5292.5,2780.0,3002.5,0.5252716107699575,0.567312234293812,>60k
2008-11-13 15:00:00,62213.4921875,2008-11-13 09:00:00,37280.75390625,-6.0,False,7640.0,2005.0,2745.0,0.262434554973822,0.35929319371727747,>60k
2009-01-08 17:00:00,143468.015625,2009-01-08 14:00:00,81855.3125,-3.0,False,7810.0,2442.5,3065.0,0.3127400768245839,0.39244558258642764,>60k
2009-11-20 01:00:00,23432.091796875,2009-11-20 01:00:00,26301.6015625,0.0,False,1032.5,832.0,832.0,0.8058111380145279,0.8058111380145279,20-40k
2009-12-22 17:00:00,21393.05078125,2009-12-22 17:00:00,21393.05078125,0.0,False,907.0,733.75,733.75,0.8089856670341786,0.8089856670341786,20-40k
2010-01-07 01:00:00,24676.197265625,2010-01-07 03:00:00,24679.103515625,2.0,False,1102.5,839.0,827.5,0.7609977324263039,0.7505668934240363,20-40k
2010-11-18 16:00:00,26862.70703125,2010-11-18 16:00:00,29681.599609375,0.0,False,1905.0,1575.0,1575.0,0.8267716535433071,0.8267716535433071,20-40k
2010-12-14 23:00:00,48703.48828125,2010-12-15 02:00:00,41052.40234375,3.0,False,1992.5,1890.0,1837.5,0.9485570890840652,0.9222082810539524,40-60k
2011-01-17 18:00:00,85794.078125,2011-01-17 03:00:00,44599.03515625,-15.0,False,5372.5,2765.0,3540.0,0.5146579804560261,0.658911121451838,>60k
2011-03-11 19:00:00,24643.390625,2011-03-11 19:00:00,23214.794921875,0.0,False,2447.5,1472.5,1472.5,0.6016343207354443,0.6016343207354443,20-40k
2011-04-02 01:00:00,37137.05078125,2011-04-02 18:00:00,31245.8046875,17.0,False,2085.0,1365.0,1172.5,0.6546762589928058,0.5623501199040767,20-40k
2011-11-23 22:00:00,46709.23046875,2011-11-23 22:00:00,38919.890625,0.0,False,3572.5,2730.0,2730.0,0.7641707487753674,0.7641707487753674,40-60k
2011-12-30 21:00:00,43338.05078125,2011-12-30 21:00:00,38048.3828125,0.0,False,2662.5,1902.5,1902.5,0.7145539906103286,0.7145539906103286,40-60k
2012-01-21 19:00:00,32274.716796875,2012-01-21 19:00:00,32274.716796875,0.0,False,2962.5,2375.0,2375.0,0.8016877637130801,0.8016877637130801,20-40k
2012-01-30 18:00:00,27442.58203125,2012-01-30 18:00:00,27442.58203125,0.0,False,1500.0,1360.0,1360.0,0.9066666666666666,0.9066666666666666,20-40k
2012-02-23 16:00:00,44957.94140625,2012-02-23 23:00:00,36486.4921875,7.0,False,4940.0,1757.5,1527.5,0.3557692307692308,0.3092105263157895,40-60k
2012-03-16 05:00:00,33460.67578125,2012-03-16 05:00:00,31975.546875,0.0,False,3562.5,2760.0,2760.0,0.7747368421052632,0.7747368421052632,20-40k
2012-03-31 23:00:00,33385.39453125,2012-03-31 23:00:00,31915.80859375,0.0,False,4425.0,1870.0,1870.0,0.42259887005649716,0.42259887005649716,20-40k
2012-04-26 01:00:00,31490.60546875,2012-04-25 23:00:00,27574.09375,-2.0,False,584.0,474.25,456.75,0.8120719178082192,0.7821061643835616,20-40k
2012-10-30 00:00:00,26287.5546875,2012-10-30 00:00:00,25542.5625,0.0,False,1870.0,1160.0,1160.0,0.6203208556149733,0.6203208556149733,20-40k
2012-11-20 06:00:00,57713.52734375,2012-11-20 06:00:00,51960.9765625,0.0,False,5637.5,3062.5,3062.5,0.5432372505543237,0.5432372505543237,40-60k
2012-12-05 14:00:00,32676.6875,2012-12-05 10:00:00,30984.822265625,-4.0,False,2017.5,1787.5,1862.5,0.885997521685254,0.9231722428748451,20-40k
2012-12-20 22:00:00,29689.71875,2012-12-20 22:00:00,29689.71875,0.0,False,5100.0,3645.0,3645.0,0.7147058823529412,0.7147058823529412,20-40k
2013-01-31 15:00:00,27159.53125,2013-01-31 07:00:00,26147.63671875,-8.0,False,2882.5,2140.0,2512.5,0.7424111014744146,0.8716392020815265,20-40k
2013-04-06 22:00:00,32294.4375,2013-04-07 22:00:00,30951.76953125,24.0,False,868.0,506.5,828.0,0.5835253456221198,0.9539170506912442,20-40k
2013-11-19 21:00:00,23160.546875,2013-11-19 22:00:00,25972.318359375,1.0,False,1462.5,1292.5,1272.5,0.8837606837606837,0.8700854700854701,20-40k
2013-12-02 17:00:00,40306.09765625,2013-12-02 13:00:00,31339.287109375,-4.0,False,2462.5,1510.0,1685.0,0.6131979695431472,0.6842639593908629,40-60k
2014-01-12 10:00:00,30426.17578125,2014-01-12 10:00:00,30426.17578125,0.0,False,1970.0,1730.0,1730.0,0.8781725888324873,0.8781725888324873,20-40k
2014-02-17 20:00:00,40949.1796875,2014-02-17 20:00:00,39517.3828125,0.0,False,3457.5,3040.0,3040.0,0.8792480115690527,0.8792480115690527,40-60k
2014-03-07 02:00:00,58808.3203125,2014-03-07 02:00:00,43271.39453125,0.0,False,2357.5,2085.0,2085.0,0.8844114528101803,0.8844114528101803,40-60k
2014-03-17 11:00:00,29386.328125,2014-03-17 10:00:00,29709.91796875,-1.0,False,1947.5,1680.0,1712.5,0.8626444159178434,0.8793324775353016,20-40k
2014-03-30 17:00:00,26529.4375,2014-03-30 17:00:00,25003.0546875,0.0,False,1875.0,1472.5,1472.5,0.7853333333333333,0.7853333333333333,20-40k
2014-04-24 22:00:00,29345.55078125,2014-04-24 22:00:00,27777.0859375,0.0,False,2795.0,2100.0,2100.0,0.7513416815742398,0.7513416815742398,20-40k
2014-11-26 20:00:00,40981.44921875,2014-11-26 07:00:00,30327.9921875,-13.0,False,2442.5,1005.0,1312.5,0.41146366427840325,0.5373592630501536,40-60k
2014-12-11 11:00:00,22624.16796875,2014-12-11 11:00:00,22624.16796875,0.0,False,1035.0,1010.0,1010.0,0.9758454106280193,0.9758454106280193,20-40k
2014-12-21 18:00:00,39165.93359375,2014-12-21 16:00:00,35173.72265625,-2.0,False,3597.5,2115.0,2225.0,0.5879082696316886,0.6184850590687978,20-40k
2015-01-06 00:00:00,46094.0703125,2015-01-05 23:00:00,45556.015625,-1.0,False,3055.0,2067.5,2107.5,0.676759410801964,0.6898527004909983,40-60k
2015-01-18 17:00:00,35674.91796875,2015-01-18 15:00:00,33448.08203125,-2.0,False,1897.5,1680.0,1710.0,0.8853754940711462,0.9011857707509882,20-40k
2015-02-08 11:00:00,40452.1484375,2015-02-08 12:00:00,33059.35546875,1.0,False,1842.5,1647.5,1625.0,0.8941655359565808,0.8819538670284939,40-60k
2015-03-16 02:00:00,30363.1796875,2015-03-16 18:00:00,23456.853515625,16.0,False,2560.0,1602.5,1055.0,0.6259765625,0.412109375,20-40k
2015-11-01 10:00:00,33155.98828125,2015-11-01 10:00:00,26019.154296875,0.0,False,1305.0,737.75,737.75,0.5653256704980842,0.5653256704980842,20-40k
2015-11-18 09:00:00,73657.671875,2015-11-18 11:00:00,54907.33984375,2.0,False,6120.0,2422.5,2225.0,0.3958333333333333,0.36356209150326796,>60k
2015-12-18 23:00:00,33823.75,2015-12-18 22:00:00,36046.296875,-1.0,False,2485.0,2172.5,2197.5,0.8742454728370221,0.8843058350100603,20-40k
2016-01-22 15:00:00,28317.05859375,2016-01-22 21:00:00,29370.056640625,6.0,False,1485.0,1412.5,1347.5,0.9511784511784511,0.9074074074074074,20-40k
2016-01-29 16:00:00,33303.4765625,2016-01-29 01:00:00,30293.0546875,-15.0,False,1282.5,1090.0,1005.0,0.8499025341130604,0.783625730994152,20-40k
2016-02-16 04:00:00,45424.56640625,2016-02-16 00:00:00,31188.251953125,-4.0,False,1510.0,1177.5,1205.0,0.7798013245033113,0.7980132450331126,40-60k
2016-03-02 17:00:00,29504.5234375,2016-03-02 17:00:00,28044.326171875,0.0,False,1462.5,1367.5,1367.5,0.935042735042735,0.935042735042735,20-40k
2016-03-10 19:00:00,24898.193359375,2016-03-10 19:00:00,23447.482421875,0.0,False,1270.0,1202.5,1202.5,0.9468503937007874,0.9468503937007874,20-40k
2016-10-16 07:00:00,31247.53125,2016-10-16 22:00:00,28047.224609375,15.0,False,2100.0,1467.5,1532.5,0.6988095238095238,0.7297619047619047,20-40k
2016-11-16 08:00:00,21604.201171875,2016-11-16 08:00:00,24421.828125,0.0,False,3057.5,2275.0,2275.0,0.7440719542109566,0.7440719542109566,20-40k
2016-11-25 14:00:00,28225.662109375,2016-11-25 14:00:00,30905.798828125,0.0,False,3375.0,3057.5,3057.5,0.9059259259259259,0.9059259259259259,20-40k
2017-01-18 23:00:00,35630.72265625,2017-01-18 23:00:00,35655.83984375,0.0,False,3130.0,3007.5,3007.5,0.9608626198083067,0.9608626198083067,20-40k
2017-02-10 06:00:00,56163.9296875,2017-02-10 07:00:00,51716.01953125,1.0,False,3140.0,2385.0,2385.0,0.7595541401273885,0.7595541401273885,40-60k
2017-02-17 07:00:00,47256.59375,2017-02-17 06:00:00,36675.07421875,-1.0,False,2150.0,1910.0,1920.0,0.8883720930232558,0.8930232558139535,40-60k
2017-03-30 19:00:00,24819.90625,2017-03-30 20:00:00,26605.51171875,1.0,False,1320.0,1145.0,1167.5,0.8674242424242424,0.884469696969697,20-40k
2017-04-25 05:00:00,24334.025390625,2017-04-25 05:00:00,22823.908203125,0.0,False,1687.5,1432.5,1432.5,0.8488888888888889,0.8488888888888889,20-40k
2017-10-22 17:00:00,50814.75390625,2017-10-22 16:00:00,39330.390625,-1.0,False,3067.5,1605.0,1720.0,0.5232273838630807,0.560717196414018,40-60k
2017-11-24 04:00:00,57093.3828125,2017-11-24 02:00:00,34983.69140625,-2.0,False,2087.5,1642.5,1712.5,0.7868263473053893,0.8203592814371258,40-60k
2017-12-20 17:00:00,21850.33203125,2017-12-20 17:00:00,21850.33203125,0.0,False,1500.0,915.5,915.5,0.6103333333333333,0.6103333333333333,20-40k
2018-01-12 22:00:00,26461.19140625,2018-01-12 22:00:00,26461.19140625,0.0,False,1837.5,1397.5,1397.5,0.7605442176870748,0.7605442176870748,20-40k
2018-01-25 05:00:00,24002.236328125,2018-01-25 05:00:00,24002.236328125,0.0,False,2197.5,1982.5,1982.5,0.9021615472127418,0.9021615472127418,20-40k
2018-02-05 08:00:00,30412.54296875,2018-02-04 00:00:00,25199.76171875,-32.0,False,954.75,828.0,873.75,0.8672427336999214,0.9151610369206599,20-40k
2018-04-09 01:00:00,29408.248046875,2018-04-09 01:00:00,27858.82421875,0.0,False,1612.5,1490.0,1490.0,0.924031007751938,0.924031007751938,20-40k
2018-04-16 02:00:00,28083.10546875,2018-04-15 17:00:00,27841.859375,-9.0,False,2440.0,2305.0,2162.5,0.944672131147541,0.8862704918032787,20-40k
2018-12-19 03:00:00,26342.986328125,2018-12-19 03:00:00,26342.98828125,0.0,False,2472.5,1627.5,1627.5,0.6582406471183013,0.6582406471183013,20-40k
2019-02-12 20:00:00,25055.625,2019-02-12 19:00:00,21838.271484375,-1.0,False,3135.0,2297.5,2397.5,0.7328548644338118,0.7647527910685805,20-40k
2019-04-12 00:00:00,27214.681640625,2019-04-13 13:00:00,23825.19921875,37.0,False,2167.5,2050.0,1162.5,0.9457900807381776,0.5363321799307958,20-40k
