WY,reg_peak,usgs_peak,adjustment,reg_peak_time,unreg_Peak_1-hr,unreg_Peak_1-hr_centre,unreg_Peak_1-hr_cov,unreg_Peak_1-hr_lag_hrs,unreg_1-Day,unreg_1-Day_centre,unreg_1-Day_cov,unreg_1-Day_lag_hrs,unreg_3-Day,unreg_3-Day_centre,unreg_3-Day_cov,unreg_3-Day_lag_hrs,unreg_5-Day,unreg_5-Day_centre,unreg_5-Day_cov,unreg_5-Day_lag_hrs,mb_One_day,mb_Three_Day,mb_Five_Day,mb_peak_1hr
1974,82599.00,68600.00,13999.00,1974-01-16,78663.30,1974-01-16 10:00:00,1.00,10.00,75039.10,1974-01-16 12:30:00,1.00,12.50,62943.12,1974-01-16 16:30:00,1.00,16.50,52195.86,1974-01-17 11:30:00,1.00,35.50,112486.05,92391.94,74846.36,
1975,59261.30,58900.00,361.30,1975-01-14,74914.75,1975-01-14 16:00:00,1.00,16.00,69795.69,1975-01-14 15:30:00,1.00,15.50,55693.03,1975-01-15 01:30:00,1.00,25.50,50659.93,1975-01-16 10:30:00,1.00,58.50,71250.31,54410.60,50666.43,
1976,86700.00,86700.00,0.00,1975-12-04,136058.75,1975-12-04 05:00:00,1.00,5.00,124288.16,1975-12-04 06:30:00,1.00,6.50,112433.69,1975-12-03 18:30:00,1.00,-5.50,94680.40,1975-12-03 23:30:00,1.00,-0.50,110190.08,106675.92,91422.37,
1978,86400.00,86400.00,0.00,1977-12-02,148667.28,1977-12-02 21:00:00,1.00,21.00,136344.68,1977-12-03 03:30:00,1.00,27.50,99246.07,1977-12-03 12:30:00,1.00,36.50,76360.57,1977-12-04 09:30:00,1.00,57.50,110964.87,94792.65,74568.95,
1979,41400.00,39400.00,2000.00,1979-02-07,47879.41,1979-02-07 12:00:00,1.00,12.00,38296.06,1979-02-07 15:30:00,1.00,15.50,25710.52,1979-02-08 11:30:00,1.00,35.50,23143.91,1979-02-09 12:30:00,1.00,60.50,40506.01,27999.70,25107.43,
1981,58602.60,46900.00,11702.60,1980-12-26,86541.51,1980-12-27 03:00:00,1.00,27.00,83919.68,1980-12-26 23:30:00,1.00,23.50,73115.55,1980-12-26 23:30:00,1.00,23.50,58826.20,1980-12-26 13:30:00,1.00,13.50,86531.93,71889.13,57904.75,
1982,66160.80,65500.00,660.80,1982-01-24,87606.59,1982-01-24 13:00:00,1.00,13.00,72419.26,1982-01-24 12:30:00,1.00,12.50,52333.14,1982-01-25 05:30:00,1.00,29.50,42854.14,1982-01-25 23:30:00,1.00,47.50,77900.31,62871.05,60341.78,
1983,67300.00,67300.00,0.00,1982-12-04,86657.10,1982-12-04 09:00:00,1.00,9.00,74421.97,1982-12-04 10:30:00,1.00,10.50,51143.41,1982-12-04 19:30:00,1.00,19.50,39943.24,1982-12-05 08:30:00,1.00,32.50,72298.06,55965.92,52485.18,
1985,30530.70,23600.00,6930.70,1984-11-28,22276.88,1984-11-28 18:00:00,1.00,18.00,21227.41,1984-11-28 23:30:00,1.00,23.50,18960.69,1984-11-28 19:30:00,1.00,19.50,15987.32,1984-11-27 23:30:00,1.00,-0.50,33097.95,28765.27,23969.17,
1986,64249.00,62700.00,1549.00,1986-02-24,94557.73,1986-02-24 08:00:00,1.00,8.00,81999.80,1986-02-24 13:30:00,1.00,13.50,63964.40,1986-02-25 07:30:00,1.00,31.50,52027.21,1986-02-25 14:30:00,1.00,38.50,83652.25,62162.59,52287.43,
1987,78315.50,77600.00,715.50,1986-11-24,104889.90,1986-11-24 14:00:00,1.00,14.00,91297.81,1986-11-24 16:30:00,1.00,16.50,63958.93,1986-11-25 06:30:00,1.00,30.50,51099.11,1986-11-26 00:30:00,1.00,48.50,90981.92,61616.62,50209.65,
1988,56038.40,42100.00,13938.40,1987-12-10,69737.45,1987-12-10 16:00:00,1.00,16.00,60602.99,1987-12-10 16:30:00,1.00,16.50,40485.26,1987-12-11 04:30:00,1.00,28.50,30903.96,1987-12-11 10:30:00,1.00,34.50,59525.04,39028.54,30728.32,
1989,37626.30,23600.00,14026.30,1988-11-24,25978.78,1988-11-23 18:00:00,1.00,-6.00,24905.93,1988-11-23 17:30:00,1.00,-6.50,21560.64,1988-11-23 17:30:00,1.00,-6.50,19058.51,1988-11-24 00:30:00,1.00,0.50,23674.06,21120.33,19496.46,
1990,89931.70,89200.00,731.70,1990-01-09,130042.85,1990-01-09 23:00:00,1.00,23.00,110044.91,1990-01-10 02:30:00,1.00,26.50,78055.57,1990-01-10 10:30:00,1.00,34.50,60591.02,1990-01-10 03:30:00,1.00,27.50,95399.99,76113.34,59390.57,
1991,77285.50,76000.00,1285.50,1990-11-25,108149.99,1990-11-25 02:00:00,1.00,2.00,102829.44,1990-11-25 09:30:00,1.00,9.50,75841.19,1990-11-25 15:30:00,1.00,15.50,58637.67,1990-11-25 17:30:00,1.00,17.50,104019.84,75568.98,58070.38,
1992,41000.40,27000.00,14000.40,1992-01-29,45876.00,1992-01-29 02:00:00,1.00,2.00,43697.23,1992-01-29 04:30:00,1.00,4.50,39014.94,1992-01-30 00:30:00,1.00,24.50,36115.63,1992-01-30 17:30:00,1.00,41.50,40652.30,38240.04,35850.02,51844.53
1993,28699.70,14700.00,13999.70,1993-03-23,34176.43,1993-03-24 00:00:00,1.00,24.00,32529.67,1993-03-23 23:30:00,1.00,23.50,26495.84,1993-03-24 11:30:00,1.00,35.50,21989.00,1993-03-25 09:30:00,1.00,57.50,31533.34,26576.35,21802.21,
1996,135204.80,112000.00,23204.80,1996-02-08,212245.75,1996-02-09 03:00:00,1.00,27.00,189644.72,1996-02-09 04:30:00,1.00,28.50,141479.73,1996-02-08 22:30:00,1.00,22.50,109059.22,1996-02-09 08:30:00,1.00,32.50,170280.01,139807.32,108126.03,
1997,58503.20,56700.00,1803.20,1996-12-29,90905.92,1997-01-01 23:00:00,1.00,95.00,86853.32,1997-01-01 20:30:00,1.00,92.50,76601.50,1997-01-02 06:30:00,1.00,102.50,71097.74,1997-01-01 11:30:00,1.00,83.50,85945.68,74563.26,69705.97,86921.14
1998,30800.00,30800.00,0.00,1998-01-14,28784.19,1998-01-15 04:00:00,1.00,28.00,25804.15,1998-01-15 08:30:00,1.00,32.50,23538.46,1998-01-18 20:30:00,1.00,116.50,23272.90,1998-01-17 08:30:00,1.00,80.50,30823.01,23580.66,22965.17,
1999,60925.90,57600.00,3325.90,1998-11-26,75901.16,1998-11-26 14:00:00,1.00,14.00,69600.81,1998-11-26 14:30:00,1.00,14.50,48257.13,1998-11-26 22:30:00,1.00,22.50,37631.46,1998-11-26 21:30:00,1.00,21.50,68599.99,60807.33,51701.59,76193.02
2000,55699.80,41700.00,13999.80,1999-11-25,82448.65,1999-11-26 17:00:00,1.00,41.00,77349.71,1999-11-26 13:30:00,1.00,37.50,60109.87,1999-11-26 22:30:00,1.00,46.50,45795.44,1999-11-27 12:30:00,1.00,60.50,72890.30,58189.72,43549.19,
2002,59554.90,51400.00,8154.90,2001-12-17,67899.98,2001-12-17 13:00:00,1.00,13.00,59846.93,2001-12-17 15:30:00,1.00,15.50,44810.06,2001-12-17 23:30:00,1.00,23.50,41523.32,2001-12-16 16:30:00,1.00,-7.50,64511.96,49168.12,40566.77,
2003,69263.30,69000.00,263.30,2003-01-31,119348.24,2003-02-01 04:00:00,1.00,28.00,106261.36,2003-02-01 06:30:00,1.00,30.50,75840.17,2003-02-01 17:30:00,1.00,41.50,56815.46,2003-02-02 09:30:00,1.00,57.50,87543.95,72895.90,53892.42,109719.30
2004,52099.60,38100.00,13999.60,2004-01-30,59490.75,2004-01-30 18:00:00,1.00,18.00,54793.81,2004-01-30 16:30:00,1.00,16.50,43505.20,2004-01-31 04:30:00,1.00,28.50,35728.55,2004-01-31 16:30:00,1.00,40.50,51472.13,43452.02,34949.40,56222.79
2005,43628.90,29600.00,14028.90,2005-01-18,58455.47,2005-01-18 22:00:00,1.00,22.00,55074.99,2005-01-19 01:30:00,1.00,25.50,41238.48,2005-01-19 19:30:00,1.00,43.50,33061.62,2005-01-20 15:30:00,1.00,63.50,50132.76,39348.60,31339.16,
2006,67052.90,56200.00,10852.90,2006-01-30,55789.38,2006-01-30 18:00:00,1.00,18.00,49285.74,2006-01-30 21:30:00,1.00,21.50,39800.93,2006-01-31 16:30:00,1.00,40.50,34854.23,2006-02-01 17:30:00,1.00,65.50,74081.96,62808.06,53944.85,
2007,101313.00,77300.00,24013.00,2006-11-07,155017.59,2006-11-07 20:00:00,1.00,20.00,144776.12,2006-11-07 18:30:00,1.00,18.50,104467.82,2006-11-08 05:30:00,1.00,29.50,78797.18,2006-11-09 03:30:00,1.00,51.50,147777.18,100469.89,73835.97,
2008,65376.10,64300.00,1076.10,2007-12-03,89748.51,2007-12-04 04:00:00,1.00,28.00,82484.04,2007-12-04 08:30:00,1.00,32.50,58222.60,2007-12-04 22:30:00,1.00,46.50,43775.51,2007-12-05 16:30:00,1.00,64.50,69271.81,54504.10,41445.98,72454.84
2009,106385.40,106000.00,385.40,2009-01-08,143468.02,2009-01-08 17:00:00,1.00,17.00,129051.32,2009-01-08 13:30:00,1.00,13.50,89343.51,2009-01-09 04:30:00,1.00,28.50,69000.11,2009-01-10 01:30:00,1.00,49.50,142171.10,99323.71,72961.00,151296.45
2010,31866.30,20900.00,10966.30,2009-11-19,23432.09,2009-11-20 01:00:00,1.00,25.00,21837.89,2009-11-20 01:30:00,1.00,25.50,20619.60,2009-11-19 23:30:00,1.00,23.50,19753.11,2009-11-21 01:30:00,1.00,49.50,28700.52,24887.61,23203.60,27801.54
2011,59300.00,45300.00,14000.00,2011-01-16,85794.08,2011-01-17 18:00:00,1.00,42.00,81169.88,2011-01-17 13:30:00,1.00,37.50,69361.95,2011-01-18 03:30:00,1.00,51.50,58499.14,2011-01-18 06:30:00,1.00,54.50,86106.09,71689.29,58118.34,87159.52
2012,50899.20,36900.00,13999.20,2011-11-23,46709.23,2011-11-23 22:00:00,1.00,22.00,42843.35,2011-11-23 22:30:00,1.00,22.50,35403.91,2011-11-24 15:30:00,1.00,39.50,29565.29,2011-11-25 11:30:00,1.00,59.50,50128.33,40864.76,34419.01,57286.13
2013,61257.00,47000.00,14257.00,2012-11-19,57713.53,2012-11-20 06:00:00,1.00,30.00,51642.92,2012-11-20 11:30:00,1.00,35.50,37922.96,2012-11-21 04:30:00,1.00,52.50,31665.52,2012-11-22 07:30:00,1.00,79.50,47949.80,36797.34,30359.38,
2014,46300.00,32300.00,14000.00,2014-03-06,58808.32,2014-03-07 02:00:00,1.00,26.00,56491.71,2014-03-06 23:30:00,1.00,23.50,45032.62,2014-03-07 15:30:00,1.00,39.50,46696.78,2014-03-08 17:30:00,1.00,65.50,56776.66,45134.19,46396.18,60267.57
2015,52504.00,38500.00,14004.00,2015-01-05,46094.07,2015-01-06 00:00:00,1.00,24.00,42320.07,2015-01-06 03:30:00,1.00,27.50,31683.05,2015-01-06 19:30:00,1.00,43.50,26180.43,2015-01-07 11:30:00,1.00,59.50,37999.95,32555.35,31664.37,47322.91
2016,84375.30,83700.00,675.30,2015-12-09,152269.95,2015-12-09 17:00:00,1.00,17.00,136251.62,2015-12-09 17:30:00,1.00,17.50,95338.60,2015-12-10 06:30:00,1.00,30.50,73366.65,2015-12-10 10:30:00,1.00,34.50,135012.64,92956.52,72910.35,135790.03
2017,52514.90,40000.00,12514.90,2017-02-09,56163.93,2017-02-10 06:00:00,1.00,30.00,53016.26,2017-02-10 09:30:00,1.00,33.50,39517.06,2017-02-10 22:30:00,1.00,46.50,31475.97,2017-02-11 13:30:00,1.00,61.50,59697.03,51009.62,47185.82,64342.25
2018,49096.30,35100.00,13996.30,2017-12-30,54858.21,2017-12-30 10:00:00,1.00,10.00,52041.66,2017-12-30 12:30:00,1.00,12.50,39458.42,2017-12-31 02:30:00,1.00,26.50,31552.66,2017-12-31 16:30:00,1.00,40.50,50967.64,47284.91,39299.54,54187.77
2020,47400.00,47400.00,0.00,2020-02-07,77812.54,2020-02-08 08:00:00,1.00,32.00,74242.92,2020-02-08 05:30:00,1.00,29.50,62548.83,2020-02-08 12:30:00,1.00,36.50,51361.00,2020-02-08 18:30:00,1.00,42.50,72928.17,60464.87,51296.99,77812.45
2021,53913.00,45600.00,8313.00,2021-01-03,50995.82,2021-01-03 14:00:00,1.00,14.00,45190.21,2021-01-03 23:30:00,1.00,23.50,39895.35,2021-01-04 17:30:00,1.00,41.50,35316.30,2021-01-05 13:30:00,1.00,61.50,60801.84,42828.90,35700.37,61702.94
2022,64539.40,63900.00,639.40,2022-01-07,79833.69,2022-01-07 12:00:00,1.00,12.00,73025.59,2022-01-07 13:30:00,1.00,13.50,56065.99,2022-01-08 04:30:00,1.00,28.50,43063.17,2022-01-09 01:30:00,1.00,49.50,74998.42,60850.58,50050.34,77833.09
2023,48393.00,34400.00,13993.00,2022-12-27,69113.27,2022-12-28 01:00:00,1.00,25.00,62488.81,2022-12-28 03:30:00,1.00,27.50,47577.31,2022-12-28 13:30:00,1.00,37.50,38213.91,2022-12-29 09:30:00,1.00,57.50,97190.05,47709.95,35340.60,65622.84
2024,54458.90,44800.00,9658.90,2023-12-06,87399.34,2023-12-06 18:00:00,1.00,18.00,82770.03,2023-12-06 17:30:00,1.00,17.50,64970.39,2023-12-07 01:30:00,1.00,25.50,51698.27,2023-12-08 00:30:00,1.00,48.50,79558.07,59644.00,48588.59,81192.09
