WY,series,gap_start,gap_end,gap_hrs,hrs_gap_to_peak
1962,reg,1961-12-20 01:00:00,1961-12-20 07:00:00,7.0,125.0
1962,reg,1961-12-28 07:00:00,1962-03-31 23:00:00,2249.0,67.0
1963,reg,1962-10-01 00:00:00,1962-11-17 07:00:00,1136.0,86.0
1963,reg,1962-11-18 08:00:00,1962-11-20 07:00:00,48.0,14.0
1963,reg,1962-11-25 08:00:00,1963-03-31 23:00:00,3040.0,107.0
1964,reg,1963-10-01 00:00:00,1964-01-22 07:00:00,2720.0,91.0
1964,reg,1964-01-29 08:00:00,1964-03-31 23:00:00,1504.0,78.0
1965,reg,1964-10-01 00:00:00,1964-12-20 07:00:00,1928.0,86.0
1965,reg,1964-12-26 08:00:00,1964-12-27 07:00:00,24.0,59.0
1965,reg,1964-12-28 08:00:00,1965-01-26 07:00:00,696.0,107.0
1965,reg,1965-02-03 07:00:00,1965-03-31 23:00:00,1361.0,994.0
1966,reg,1965-10-01 00:00:00,1966-03-31 23:00:00,4368.0,
1967,reg,1966-10-01 00:00:00,1967-03-31 23:00:00,4368.0,
1968,reg,1967-10-01 00:00:00,1968-03-31 23:00:00,4392.0,
1969,reg,1968-10-01 00:00:00,1969-03-31 23:00:00,4368.0,
1970,reg,1969-10-01 00:00:00,1970-03-31 23:00:00,4368.0,
1971,reg,1970-10-01 00:00:00,1971-03-31 23:00:00,4368.0,
1972,reg,1971-10-01 00:00:00,1972-03-31 23:00:00,4392.0,
1973,reg,1972-10-01 00:00:00,1973-03-31 23:00:00,4368.0,
1974,reg,1973-10-01 00:00:00,1974-03-31 23:00:00,4368.0,
1975,reg,1974-10-01 00:00:00,1975-03-31 23:00:00,4368.0,
1976,reg,1975-10-01 00:00:00,1976-03-31 23:00:00,4392.0,
1977,reg,1976-10-01 00:00:00,1977-03-31 23:00:00,4368.0,
1978,reg,1977-10-01 00:00:00,1978-03-31 23:00:00,4368.0,
1979,reg,1978-10-01 00:00:00,1979-03-31 23:00:00,4368.0,
1980,reg,1979-10-01 00:00:00,1980-03-31 23:00:00,4392.0,
1981,reg,1980-10-01 00:00:00,1981-03-31 23:00:00,4368.0,
1982,reg,1981-10-01 00:00:00,1982-03-31 23:00:00,4368.0,
1983,reg,1982-10-01 00:00:00,1983-03-31 23:00:00,4368.0,
1984,reg,1983-10-01 00:00:00,1984-03-31 23:00:00,4392.0,
1985,reg,1984-10-01 00:00:00,1985-03-31 23:00:00,4368.0,
1986,reg,1985-10-01 00:00:00,1986-03-31 23:00:00,4368.0,
1987,reg,1986-10-01 00:00:00,1987-03-31 23:00:00,4368.0,
1988,reg,1987-10-01 00:00:00,1988-03-31 23:00:00,4392.0,
1989,reg,1988-10-01 00:00:00,1989-03-31 23:00:00,4368.0,
1990,reg,1989-10-01 00:00:00,1990-03-31 23:00:00,4368.0,
1991,reg,1990-10-01 00:00:00,1991-03-31 23:00:00,4368.0,
1992,reg,1991-10-01 00:00:00,1991-11-01 07:00:00,752.0,2149.0
1992,unreg,1991-11-09 01:00:00,1991-11-09 03:00:00,3.0,1955.0
1992,unreg,1991-11-23 13:00:00,1991-11-23 15:00:00,3.0,1607.0
1992,unreg,1992-02-02 00:00:00,1992-02-02 23:00:00,24.0,82.0
1992,unreg,1992-03-25 10:00:00,1992-03-31 23:00:00,158.0,1340.0
1993,reg,1992-10-01 00:00:00,1992-11-01 07:00:00,752.0,3420.0
1993,reg,1992-11-18 08:00:00,1993-03-23 07:00:00,3000.0,12.0
1993,reg,1993-03-26 08:00:00,1993-03-31 23:00:00,136.0,61.0
1993,unreg,1992-10-01 00:00:00,1993-03-31 23:00:00,4368.0,
1994,reg,1993-10-01 00:00:00,1993-11-01 07:00:00,752.0,1801.0
1994,reg,1993-12-09 08:00:00,1993-12-14 07:00:00,120.0,769.0
1994,reg,1993-12-15 08:00:00,1993-12-17 07:00:00,48.0,697.0
1994,reg,1993-12-18 16:00:00,1993-12-18 18:00:00,3.0,662.0
1994,reg,1993-12-23 08:00:00,1993-12-25 07:00:00,48.0,505.0
1994,reg,1993-12-29 08:00:00,1994-01-08 07:00:00,240.0,169.0
1994,unreg,1993-10-01 00:00:00,1994-03-31 23:00:00,4368.0,
1995,reg,1994-10-01 00:00:00,1994-11-01 07:00:00,752.0,2661.0
1995,unreg,1994-10-01 00:00:00,1995-03-31 23:00:00,4368.0,
1996,reg,1995-10-01 00:00:00,1995-11-01 07:00:00,752.0,2396.0
1996,unreg,1995-10-01 00:00:00,1996-03-31 23:00:00,4392.0,
1997,reg,1996-10-01 00:00:00,1996-11-01 07:00:00,752.0,1415.0
1997,unreg,1996-10-01 00:00:00,1996-11-19 10:00:00,1187.0,1049.0
1997,unreg,1997-02-13 22:00:00,1997-03-31 23:00:00,1106.0,1027.0
1998,reg,1997-10-01 00:00:00,1997-11-01 07:00:00,752.0,1798.0
1998,unreg,1997-10-01 00:00:00,1998-03-31 23:00:00,4368.0,
1999,reg,1998-10-01 00:00:00,1998-11-01 07:00:00,752.0,607.0
1999,reg,1999-03-08 08:00:00,1999-03-11 07:00:00,72.0,2442.0
1999,unreg,1998-10-01 00:00:00,1998-11-01 07:00:00,752.0,610.0
1999,unreg,1998-11-15 00:00:00,1998-11-15 23:00:00,24.0,258.0
1999,unreg,1999-01-23 00:00:00,1999-02-23 23:00:00,768.0,1375.0
1999,unreg,1999-03-08 08:00:00,1999-03-11 07:00:00,72.0,2439.0
2000,reg,1999-10-01 00:00:00,1999-11-01 07:00:00,752.0,599.0
2000,unreg,1999-10-01 00:00:00,2000-03-31 23:00:00,4392.0,
2001,reg,2000-10-01 00:00:00,2000-10-01 06:00:00,7.0,1381.0
2001,unreg,2000-10-01 00:00:00,2000-10-01 06:00:00,7.0,17.0
2001,unreg,2000-11-29 00:00:00,2001-03-18 23:00:00,2640.0,1393.0
2002,unreg,2001-10-01 00:00:00,2002-03-31 23:00:00,4368.0,
2003,reg,2002-10-08 07:00:00,2002-10-12 06:00:00,96.0,2686.0
2003,unreg,2002-10-01 00:00:00,2002-10-12 06:00:00,271.0,2689.0
2003,unreg,2003-02-20 00:00:00,2003-03-16 23:00:00,600.0,449.0
2004,reg,2003-12-05 08:00:00,2003-12-09 07:00:00,96.0,1258.0
2004,unreg,2003-10-15 10:00:00,2003-10-15 17:00:00,8.0,2573.0
2004,unreg,2003-11-07 00:00:00,2003-11-18 18:00:00,283.0,1756.0
2004,unreg,2003-12-05 08:00:00,2003-12-09 07:00:00,96.0,1263.0
2004,unreg,2004-01-21 00:00:00,2004-01-26 23:00:00,144.0,95.0
2004,unreg,2004-02-21 00:00:00,2004-02-25 23:00:00,120.0,506.0
2005,unreg,2004-10-01 00:00:00,2005-03-31 23:00:00,4368.0,
2006,unreg,2005-10-01 00:00:00,2006-02-15 23:00:00,3312.0,539.0
2006,unreg,2006-03-22 00:00:00,2006-03-31 23:00:00,240.0,278.0
2007,unreg,2006-10-01 00:00:00,2007-03-31 23:00:00,4368.0,
2008,unreg,2007-10-01 00:00:00,2007-10-01 23:00:00,24.0,1518.0
2008,unreg,2008-01-11 08:00:00,2008-01-16 07:00:00,120.0,915.0
2009,unreg,2008-10-01 00:00:00,2008-10-04 23:00:00,96.0,2299.0
2010,reg,2009-12-08 08:00:00,2009-12-10 07:00:00,48.0,437.0
2010,unreg,2009-10-01 00:00:00,2009-10-08 14:00:00,183.0,2164.0
2010,unreg,2009-12-08 08:00:00,2009-12-10 07:00:00,48.0,659.0
2011,unreg,2010-10-01 00:00:00,2010-10-25 23:00:00,600.0,2007.0
2011,unreg,2010-11-21 00:00:00,2010-12-19 23:00:00,696.0,687.0
2011,unreg,2011-01-05 00:00:00,2011-01-09 23:00:00,120.0,183.0
2011,unreg,2011-02-02 00:00:00,2011-02-02 23:00:00,24.0,370.0
2011,unreg,2011-02-13 18:00:00,2011-02-24 23:00:00,270.0,652.0
2011,unreg,2011-03-10 00:00:00,2011-03-31 23:00:00,528.0,1234.0
2012,unreg,2011-10-01 00:00:00,2011-10-24 23:00:00,576.0,2911.0
2012,unreg,2012-01-21 00:00:00,2012-01-22 23:00:00,48.0,751.0
2012,unreg,2012-03-10 00:00:00,2012-03-31 23:00:00,528.0,378.0
2013,unreg,2012-10-01 00:00:00,2013-02-11 23:00:00,3216.0,897.0
2016,unreg,2015-10-22 07:00:00,2015-10-27 06:00:00,120.0,1045.0
2016,unreg,2016-02-20 00:00:00,2016-03-31 23:00:00,984.0,1733.0
2017,unreg,2016-12-11 00:00:00,2016-12-18 23:00:00,192.0,2096.0
2019,reg,2018-10-26 12:00:00,2018-10-26 22:00:00,11.0,2615.0
2019,unreg,2018-10-26 12:00:00,2018-10-26 22:00:00,11.0,2615.0
2019,unreg,2018-11-22 00:00:00,2018-11-22 23:00:00,24.0,1966.0
2022,unreg,2022-01-17 23:00:00,2022-01-20 17:00:00,67.0,1577.0
2024,reg,2023-12-24 02:00:00,2023-12-24 04:00:00,3.0,416.0
2024,reg,2023-12-24 06:00:00,2023-12-24 08:00:00,3.0,420.0
2024,reg,2023-12-24 10:00:00,2023-12-24 12:00:00,3.0,424.0
2024,reg,2023-12-24 14:00:00,2023-12-24 16:00:00,3.0,428.0
2024,reg,2023-12-24 18:00:00,2023-12-24 20:00:00,3.0,432.0
2024,reg,2023-12-24 22:00:00,2023-12-25 00:00:00,3.0,436.0
2024,reg,2023-12-25 02:00:00,2023-12-25 04:00:00,3.0,440.0
2024,reg,2023-12-25 06:00:00,2023-12-25 08:00:00,3.0,444.0
2024,reg,2023-12-25 10:00:00,2023-12-25 12:00:00,3.0,448.0
2024,reg,2023-12-25 14:00:00,2023-12-25 16:00:00,3.0,452.0
2024,reg,2023-12-25 18:00:00,2023-12-25 20:00:00,3.0,456.0
2024,reg,2023-12-25 22:00:00,2023-12-26 00:00:00,3.0,460.0
2024,reg,2023-12-26 02:00:00,2023-12-26 04:00:00,3.0,464.0
2024,reg,2023-12-26 06:00:00,2023-12-26 08:00:00,3.0,468.0
2024,reg,2023-12-26 10:00:00,2023-12-26 12:00:00,3.0,472.0
2024,reg,2023-12-26 14:00:00,2023-12-26 16:00:00,3.0,476.0
2024,reg,2023-12-26 18:00:00,2023-12-26 20:00:00,3.0,480.0
2024,reg,2023-12-26 22:00:00,2023-12-27 00:00:00,3.0,484.0
2024,reg,2023-12-27 02:00:00,2023-12-27 04:00:00,3.0,488.0
2024,reg,2023-12-27 06:00:00,2023-12-27 08:00:00,3.0,492.0
2024,reg,2023-12-27 10:00:00,2023-12-27 12:00:00,3.0,496.0
2024,reg,2023-12-27 14:00:00,2023-12-27 16:00:00,3.0,500.0
2024,unreg,2023-12-24 02:00:00,2023-12-27 19:00:00,90.0,413.0
2024,unreg,2024-01-29 22:00:00,2024-01-30 18:00:00,21.0,1297.0
